Country,Year,Attack_Type,Target_Industry,Financial_Loss_Million,Affected_Users,Attack_Source,Vulnerability_Type,Defense_Mechanism,Resolution_Time_Hours,Resolution_Speed,Severity_Level,Attack_Impact_Score,Cyber_Risk_Score,Damage_Category,User_Impact_Category,Year_Group,Defense_Effectiveness
China,2019,Phishing,Education,80.53,773169,"Hacker Group","Unpatched Software",VPN,63,Slow,Critical,55.18,47.90,"Extreme Loss",High,2018-2020,"Needs Improvement"
China,2019,Ransomware,Retail,62.19,295961,"Hacker Group","Unpatched Software",Firewall,71,Slow,High,46.18,40.26,"Major Loss",Medium,2018-2020,"Needs Improvement"
India,2017,Man-in-the-Middle,IT,38.65,605895,"Hacker Group","Weak Passwords",VPN,20,Moderate,Medium,25.14,21.88,"Moderate Loss",High,2015-2017,"Highly Effective"
UK,2024,Ransomware,Telecommunications,41.44,659320,Nation-state,"Social Engineering","AI-based Detection",7,Fast,Medium,24.10,20.61,"Moderate Loss",High,2021-2024,"Highly Effective"
Germany,2018,Man-in-the-Middle,IT,74.41,810682,Insider,"Social Engineering",VPN,68,Slow,High,53.24,46.61,"Major Loss",Massive,2018-2020,"Needs Improvement"
Germany,2017,Man-in-the-Middle,Retail,98.24,285201,Unknown,"Social Engineering",Antivirus,25,Moderate,Critical,54.98,45.44,"Extreme Loss",Medium,2015-2017,"Moderately Effective"
Germany,2016,DDoS,Telecommunications,33.26,431262,Insider,"Unpatched Software",VPN,34,Moderate,Medium,24.72,21.83,"Moderate Loss",Medium,2015-2017,"Moderately Effective"
France,2018,"SQL Injection",Government,59.23,909991,Unknown,"Social Engineering",Antivirus,66,Slow,High,45.54,40.53,"Major Loss",Massive,2018-2020,"Needs Improvement"
India,2016,Man-in-the-Middle,Banking,16.88,698249,Unknown,"Social Engineering",VPN,47,Slow,Low,19.93,18.94,"Minor Loss",High,2015-2017,"Moderately Effective"
UK,2023,DDoS,Healthcare,69.14,685927,"Hacker Group","Unpatched Software",Firewall,58,Slow,High,48.23,42.00,"Major Loss",High,2021-2024,"Needs Improvement"
China,2019,Phishing,Telecommunications,88.67,493675,Unknown,Zero-day,VPN,29,Moderate,Critical,51.62,43.24,"Extreme Loss",Medium,2018-2020,"Moderately Effective"
China,2016,"SQL Injection",Healthcare,38.81,920768,"Hacker Group","Unpatched Software","AI-based Detection",27,Moderate,Medium,27.57,24.61,"Moderate Loss",Massive,2015-2017,"Moderately Effective"
India,2019,Ransomware,Education,30.56,583204,Insider,Zero-day,Firewall,37,Slow,Medium,24.43,21.96,"Moderate Loss",High,2018-2020,"Moderately Effective"
France,2023,DDoS,Healthcare,58.37,599797,Nation-state,"Unpatched Software","AI-based Detection",35,Moderate,High,37.98,32.75,"Major Loss",High,2021-2024,"Moderately Effective"
France,2024,DDoS,IT,48.01,922258,Unknown,"Social Engineering",Encryption,64,Slow,Medium,39.57,35.69,"Moderate Loss",Massive,2021-2024,"Needs Improvement"
Australia,2022,Phishing,Banking,64.31,120789,Nation-state,Zero-day,Encryption,36,Moderate,High,39.72,33.41,"Major Loss",Low,2021-2024,"Moderately Effective"
Russia,2017,Man-in-the-Middle,Healthcare,13.04,850158,"Hacker Group","Unpatched Software","AI-based Detection",67,Slow,Low,22.47,22.02,"Minor Loss",Massive,2015-2017,"Needs Improvement"
India,2015,DDoS,IT,93.14,805278,Insider,"Social Engineering",Encryption,56,Slow,Critical,60.19,51.68,"Extreme Loss",Massive,2015-2017,"Needs Improvement"
UK,2019,Malware,Telecommunications,14.01,578443,Insider,"Social Engineering",Firewall,28,Moderate,Low,14.34,13.52,"Minor Loss",High,2018-2020,"Moderately Effective"
India,2016,DDoS,IT,36.45,261808,Nation-state,"Social Engineering","AI-based Detection",6,Fast,Medium,20.21,16.83,"Moderate Loss",Medium,2015-2017,"Highly Effective"
Brazil,2015,Ransomware,Retail,49.55,920172,"Hacker Group","Weak Passwords",Antivirus,43,Slow,Medium,36.14,32.10,"Moderate Loss",Massive,2015-2017,"Moderately Effective"
France,2023,Ransomware,Education,17.72,261661,Insider,"Social Engineering",VPN,11,Fast,Low,11.84,10.33,"Minor Loss",Medium,2021-2024,"Highly Effective"
India,2017,DDoS,Government,76.71,246205,Nation-state,"Unpatched Software",Firewall,30,Moderate,Critical,45.09,37.67,"Major Loss",Medium,2015-2017,"Moderately Effective"
Japan,2022,Phishing,Telecommunications,20.42,186148,Nation-state,"Weak Passwords",Antivirus,32,Moderate,Low,17.17,15.31,"Minor Loss",Low,2021-2024,"Moderately Effective"
Brazil,2023,DDoS,Telecommunications,51.84,699007,"Hacker Group","Social Engineering",VPN,30,Moderate,High,34.02,29.53,"Major Loss",High,2021-2024,"Moderately Effective"
China,2021,Phishing,Retail,51.06,628562,Insider,Zero-day,"AI-based Detection",52,Slow,High,37.82,33.34,"Major Loss",High,2021-2024,"Needs Improvement"
Japan,2022,Malware,Education,53.04,570494,Nation-state,"Unpatched Software",VPN,53,Slow,High,38.83,34.10,"Major Loss",High,2021-2024,"Needs Improvement"
Japan,2022,Ransomware,Banking,26.17,937653,Insider,"Unpatched Software",Encryption,24,Moderate,Medium,20.70,19.02,"Moderate Loss",Massive,2021-2024,"Highly Effective"
France,2020,Malware,IT,87.32,599757,Unknown,"Social Engineering",Antivirus,9,Fast,Critical,47.26,39.13,"Extreme Loss",High,2018-2020,"Highly Effective"
Australia,2015,DDoS,Government,82.70,904805,"Hacker Group",Zero-day,Encryption,61,Slow,Critical,56.26,48.90,"Extreme Loss",Massive,2015-2017,"Needs Improvement"
UK,2022,"SQL Injection",Education,66.24,678876,"Hacker Group","Social Engineering","AI-based Detection",11,Fast,High,37.36,31.41,"Major Loss",High,2021-2024,"Highly Effective"
France,2020,Malware,Telecommunications,18.38,246900,"Hacker Group",Zero-day,"AI-based Detection",34,Moderate,Low,16.73,15.14,"Minor Loss",Medium,2018-2020,"Moderately Effective"
India,2015,"SQL Injection",IT,42.99,85255,Unknown,"Unpatched Software",Encryption,61,Slow,Medium,33.95,29.74,"Moderate Loss",Low,2015-2017,"Needs Improvement"
Japan,2022,Phishing,Banking,98.47,972469,Nation-state,Zero-day,Antivirus,21,Moderate,Critical,56.35,47.48,"Extreme Loss",Massive,2021-2024,"Highly Effective"
Brazil,2023,Phishing,Healthcare,14.51,113777,Nation-state,"Weak Passwords",VPN,27,Moderate,Low,13.00,11.66,"Minor Loss",Low,2021-2024,"Moderately Effective"
Brazil,2020,Phishing,Banking,17.75,739540,"Hacker Group",Zero-day,Encryption,31,Moderate,Low,17.29,16.26,"Minor Loss",High,2018-2020,"Moderately Effective"
China,2020,Man-in-the-Middle,Education,19.81,722788,Nation-state,Zero-day,Firewall,70,Slow,Low,26.07,24.82,"Minor Loss",High,2018-2020,"Needs Improvement"
Japan,2021,"SQL Injection",Retail,82.52,214372,Insider,"Unpatched Software",Encryption,12,Fast,Critical,44.30,36.27,"Extreme Loss",Medium,2021-2024,"Highly Effective"
USA,2022,DDoS,Retail,32.53,235314,Insider,"Weak Passwords","AI-based Detection",62,Slow,Medium,29.37,26.35,"Moderate Loss",Medium,2021-2024,"Needs Improvement"
Brazil,2016,DDoS,Education,96.98,140812,Nation-state,"Unpatched Software",VPN,71,Slow,Critical,63.11,53.56,"Extreme Loss",Low,2015-2017,"Needs Improvement"
Russia,2015,DDoS,Telecommunications,96.39,238356,Unknown,Zero-day,"AI-based Detection",3,Fast,Critical,49.51,40.11,"Extreme Loss",Medium,2015-2017,"Highly Effective"
India,2021,"SQL Injection",IT,98.09,826976,Nation-state,Zero-day,VPN,57,Slow,Critical,62.93,53.94,"Extreme Loss",Massive,2021-2024,"Needs Improvement"
UK,2019,Man-in-the-Middle,Retail,39.77,757694,Nation-state,"Unpatched Software",Encryption,69,Slow,Medium,35.96,32.74,"Moderate Loss",High,2018-2020,"Needs Improvement"
USA,2017,DDoS,IT,74.12,403108,"Hacker Group",Zero-day,VPN,64,Slow,High,51.07,44.06,"Major Loss",Medium,2015-2017,"Needs Improvement"
Australia,2020,DDoS,Banking,92.95,942890,Insider,"Weak Passwords",Antivirus,19,Moderate,Critical,53.10,44.75,"Extreme Loss",Massive,2018-2020,"Highly Effective"
France,2022,Malware,Healthcare,20.33,794906,Unknown,"Weak Passwords","AI-based Detection",36,Moderate,Low,19.75,18.51,"Minor Loss",High,2021-2024,"Moderately Effective"
Australia,2016,"SQL Injection",Government,27.33,481293,"Hacker Group","Unpatched Software",Antivirus,65,Slow,Medium,28.11,25.86,"Moderate Loss",Medium,2015-2017,"Needs Improvement"
India,2016,DDoS,Education,21.01,602692,"Hacker Group","Unpatched Software",VPN,29,Moderate,Low,18.11,16.61,"Minor Loss",High,2015-2017,"Moderately Effective"
UK,2018,Man-in-the-Middle,Retail,13.66,455529,"Hacker Group",Zero-day,Firewall,40,Slow,Low,16.20,15.29,"Minor Loss",Medium,2018-2020,"Moderately Effective"
Japan,2017,Phishing,Telecommunications,75.84,383395,"Hacker Group",Zero-day,VPN,31,Moderate,Critical,45.27,38.07,"Major Loss",Medium,2015-2017,"Moderately Effective"
USA,2023,DDoS,Retail,59.69,113612,"Hacker Group",Zero-day,VPN,70,Slow,High,44.19,38.33,"Major Loss",Low,2021-2024,"Needs Improvement"
Australia,2019,Malware,Government,21.72,984411,Insider,"Unpatched Software",Antivirus,17,Moderate,Low,17.21,16.03,"Minor Loss",Massive,2018-2020,"Highly Effective"
UK,2015,Phishing,IT,85.58,17229,"Hacker Group","Weak Passwords","AI-based Detection",30,Moderate,Critical,48.84,40.30,"Extreme Loss",Low,2015-2017,"Moderately Effective"
France,2018,Phishing,Healthcare,75.11,581303,Insider,"Social Engineering",Encryption,51,Slow,Critical,49.50,42.57,"Major Loss",High,2018-2020,"Needs Improvement"
India,2019,Man-in-the-Middle,Education,10.80,799474,Nation-state,Zero-day,"AI-based Detection",23,Moderate,Low,12.40,12.12,"Minor Loss",High,2018-2020,"Highly Effective"
India,2020,DDoS,Banking,86.27,898655,Nation-state,"Unpatched Software","AI-based Detection",10,Fast,Critical,47.83,40.10,"Extreme Loss",Massive,2018-2020,"Highly Effective"
UK,2021,Malware,Healthcare,67.10,698852,Unknown,"Weak Passwords",Antivirus,57,Slow,High,47.05,41.04,"Major Loss",High,2021-2024,"Needs Improvement"
India,2018,DDoS,Healthcare,76.43,304162,"Hacker Group","Unpatched Software",Firewall,56,Slow,Critical,50.33,42.99,"Major Loss",Medium,2018-2020,"Needs Improvement"
Brazil,2015,Phishing,Banking,43.40,191625,"Hacker Group","Social Engineering",VPN,65,Slow,Medium,35.27,31.13,"Moderate Loss",Low,2015-2017,"Needs Improvement"
Australia,2024,Phishing,Education,93.32,93185,Unknown,"Unpatched Software",VPN,14,Moderate,Critical,49.74,40.50,"Extreme Loss",Low,2021-2024,"Highly Effective"
India,2019,Phishing,Healthcare,35.60,40718,Nation-state,Zero-day,VPN,24,Moderate,Medium,22.72,19.20,"Moderate Loss",Low,2018-2020,"Highly Effective"
China,2015,Phishing,Government,42.73,310574,Nation-state,Zero-day,Firewall,65,Slow,Medium,35.30,31.33,"Moderate Loss",Medium,2015-2017,"Needs Improvement"
India,2024,DDoS,Education,73.37,475719,Nation-state,"Social Engineering",Firewall,52,Slow,High,48.51,41.65,"Major Loss",Medium,2021-2024,"Needs Improvement"
UK,2018,Malware,Retail,73.18,404060,Unknown,"Weak Passwords",Antivirus,32,Moderate,High,44.20,37.29,"Major Loss",Medium,2018-2020,"Moderately Effective"
China,2024,Malware,Education,72.35,132726,"Hacker Group",Zero-day,Firewall,55,Slow,High,47.57,40.47,"Major Loss",Low,2021-2024,"Needs Improvement"
UK,2016,DDoS,Banking,87.68,336376,Nation-state,"Social Engineering",Firewall,11,Fast,Critical,47.05,38.62,"Extreme Loss",Medium,2015-2017,"Highly Effective"
Australia,2022,Malware,Healthcare,67.16,566437,Unknown,"Weak Passwords",Encryption,63,Slow,High,47.88,41.73,"Major Loss",High,2021-2024,"Needs Improvement"
Russia,2017,Man-in-the-Middle,Education,83.43,313631,Nation-state,"Weak Passwords",Antivirus,16,Moderate,Critical,45.86,37.83,"Extreme Loss",Medium,2015-2017,"Highly Effective"
France,2016,DDoS,Banking,28.66,996004,Unknown,Zero-day,VPN,28,Moderate,Medium,22.92,21.05,"Moderate Loss",Massive,2015-2017,"Moderately Effective"
China,2021,Phishing,Healthcare,55.04,871600,Insider,"Unpatched Software",Firewall,29,Moderate,High,35.93,31.30,"Major Loss",Massive,2021-2024,"Moderately Effective"
Brazil,2015,DDoS,IT,43.51,940656,Unknown,"Weak Passwords","AI-based Detection",41,Slow,Medium,32.78,29.37,"Moderate Loss",Massive,2015-2017,"Moderately Effective"
USA,2015,Ransomware,Telecommunications,20.73,297209,Nation-state,"Social Engineering",Firewall,66,Slow,Low,24.46,22.68,"Minor Loss",Medium,2015-2017,"Needs Improvement"
UK,2019,Phishing,IT,78.19,28321,Insider,"Unpatched Software",Antivirus,63,Slow,Critical,51.78,43.99,"Major Loss",Low,2018-2020,"Needs Improvement"
Brazil,2022,Phishing,Telecommunications,29.02,456783,Nation-state,Zero-day,Encryption,10,Fast,Medium,17.88,15.44,"Moderate Loss",Medium,2021-2024,"Highly Effective"
Germany,2018,Ransomware,Banking,87.56,933028,Nation-state,"Unpatched Software",VPN,25,Moderate,Critical,51.58,43.76,"Extreme Loss",Massive,2018-2020,"Moderately Effective"
Australia,2023,Phishing,Telecommunications,24.65,221512,Nation-state,Zero-day,"AI-based Detection",56,Slow,Low,24.19,21.95,"Minor Loss",Medium,2021-2024,"Needs Improvement"
France,2017,Phishing,Banking,17.88,16585,"Hacker Group","Unpatched Software",Encryption,12,Fast,Low,11.39,9.62,"Minor Loss",Low,2015-2017,"Highly Effective"
USA,2022,Ransomware,Education,21.01,787752,Nation-state,"Weak Passwords",Antivirus,9,Fast,Low,14.67,13.36,"Minor Loss",High,2021-2024,"Highly Effective"
Russia,2022,"SQL Injection",Banking,60.25,662517,Unknown,"Social Engineering",Firewall,40,Slow,High,40.11,34.75,"Major Loss",High,2021-2024,"Moderately Effective"
Brazil,2018,Malware,Education,6.63,274509,"Hacker Group",Zero-day,Encryption,20,Moderate,Low,8.14,7.75,"Minor Loss",Medium,2018-2020,"Highly Effective"
France,2024,Phishing,Government,5.80,508649,"Hacker Group","Unpatched Software",Firewall,66,Slow,Low,17.63,17.55,"Minor Loss",High,2021-2024,"Needs Improvement"
Brazil,2021,DDoS,IT,70.26,740257,Unknown,"Weak Passwords",Encryption,70,Slow,High,51.35,45.07,"Major Loss",High,2021-2024,"Needs Improvement"
Australia,2024,Malware,Healthcare,62.08,969504,"Hacker Group","Social Engineering","AI-based Detection",5,Fast,High,34.95,29.71,"Major Loss",Massive,2021-2024,"Highly Effective"
Germany,2016,Man-in-the-Middle,Healthcare,90.20,779494,Nation-state,"Social Engineering","AI-based Detection",54,Slow,Critical,58.24,50.00,"Extreme Loss",High,2015-2017,"Needs Improvement"
Japan,2019,Malware,Banking,44.17,605166,Insider,"Weak Passwords",Encryption,27,Moderate,Medium,29.30,25.49,"Moderate Loss",High,2018-2020,"Moderately Effective"
France,2023,Malware,Government,55.18,274946,Insider,Zero-day,Encryption,66,Slow,High,41.61,36.37,"Major Loss",Medium,2021-2024,"Needs Improvement"
Japan,2019,Man-in-the-Middle,Banking,41.32,645097,Nation-state,Zero-day,Firewall,36,Moderate,Medium,29.80,26.31,"Moderate Loss",High,2018-2020,"Moderately Effective"
UK,2015,DDoS,Telecommunications,32.92,157678,Nation-state,"Unpatched Software",Antivirus,68,Slow,Medium,30.53,27.40,"Moderate Loss",Low,2015-2017,"Needs Improvement"
Brazil,2022,DDoS,Retail,15.16,157034,Nation-state,"Social Engineering","AI-based Detection",69,Slow,Low,21.85,20.49,"Minor Loss",Low,2021-2024,"Needs Improvement"
India,2020,"SQL Injection",Education,62.50,550656,Nation-state,"Weak Passwords",Encryption,4,Fast,High,33.70,28.00,"Major Loss",High,2018-2020,"Highly Effective"
Australia,2017,"SQL Injection",Healthcare,68.91,634048,"Hacker Group","Unpatched Software",Firewall,66,Slow,High,49.56,43.30,"Major Loss",High,2015-2017,"Needs Improvement"
UK,2023,DDoS,Banking,81.26,547495,Nation-state,"Weak Passwords","AI-based Detection",3,Fast,Critical,42.87,35.29,"Extreme Loss",High,2021-2024,"Highly Effective"
UK,2024,DDoS,Healthcare,58.31,487694,"Hacker Group","Weak Passwords",Antivirus,41,Slow,High,38.82,33.47,"Major Loss",Medium,2021-2024,"Moderately Effective"
France,2023,Man-in-the-Middle,Retail,88.65,427067,"Hacker Group","Unpatched Software",Antivirus,42,Slow,Critical,54.01,45.57,"Extreme Loss",Medium,2021-2024,"Moderately Effective"
Australia,2023,Malware,Telecommunications,1.51,954902,"Hacker Group","Unpatched Software","AI-based Detection",55,Slow,Low,14.62,15.42,"Minor Loss",Massive,2021-2024,"Needs Improvement"
UK,2020,Ransomware,Banking,49.23,128594,Nation-state,"Weak Passwords",Firewall,53,Slow,Medium,35.60,30.81,"Moderate Loss",Low,2018-2020,"Needs Improvement"
Germany,2024,Phishing,Healthcare,84.53,189430,Nation-state,"Social Engineering",Firewall,1,Fast,Critical,43.03,34.77,"Extreme Loss",Low,2021-2024,"Highly Effective"
France,2021,DDoS,Healthcare,90.63,603327,Nation-state,"Unpatched Software","AI-based Detection",15,Moderate,Critical,50.12,41.67,"Extreme Loss",High,2021-2024,"Highly Effective"
UK,2021,DDoS,Education,80.26,276593,Nation-state,"Social Engineering",Encryption,36,Moderate,Critical,48.16,40.41,"Extreme Loss",Medium,2021-2024,"Moderately Effective"
Japan,2023,Malware,Education,22.87,975282,Insider,"Unpatched Software",Firewall,49,Slow,Low,24.16,22.85,"Minor Loss",Massive,2021-2024,"Needs Improvement"
India,2018,Ransomware,Retail,23.79,486810,"Hacker Group","Unpatched Software",Antivirus,11,Fast,Low,15.56,13.66,"Minor Loss",Medium,2018-2020,"Highly Effective"
Japan,2021,Ransomware,IT,35.43,969517,"Hacker Group","Weak Passwords",Firewall,25,Moderate,Medium,25.62,23.05,"Moderate Loss",Massive,2021-2024,"Moderately Effective"
Australia,2022,Malware,Banking,74.77,151599,Insider,Zero-day,Encryption,18,Moderate,High,41.44,34.11,"Major Loss",Low,2021-2024,"Highly Effective"
Japan,2022,"SQL Injection",IT,66.66,749545,Unknown,"Social Engineering","AI-based Detection",30,Moderate,High,41.58,35.66,"Major Loss",High,2021-2024,"Moderately Effective"
Brazil,2015,Malware,Retail,78.13,71743,"Hacker Group","Unpatched Software",VPN,35,Moderate,Critical,46.28,38.54,"Major Loss",Low,2015-2017,"Moderately Effective"
Germany,2018,Phishing,Banking,11.39,969684,"Hacker Group","Weak Passwords",Antivirus,41,Slow,Low,16.80,16.63,"Minor Loss",Massive,2018-2020,"Moderately Effective"
Germany,2020,"SQL Injection",Education,87.84,842506,Unknown,"Weak Passwords",Antivirus,19,Moderate,Critical,50.25,42.31,"Extreme Loss",Massive,2018-2020,"Highly Effective"
Brazil,2023,Man-in-the-Middle,IT,10.18,933883,Nation-state,"Social Engineering",Encryption,41,Slow,Low,16.09,16.01,"Minor Loss",Massive,2021-2024,"Moderately Effective"
UK,2019,Malware,Education,4.42,393748,Nation-state,"Unpatched Software","AI-based Detection",10,Fast,Low,5.39,5.34,"Minor Loss",Medium,2018-2020,"Highly Effective"
Brazil,2020,DDoS,Banking,76.98,708549,Unknown,"Weak Passwords",Encryption,37,Slow,Critical,48.02,41.03,"Major Loss",High,2018-2020,"Moderately Effective"
Japan,2020,DDoS,Healthcare,73.24,136762,Unknown,Zero-day,VPN,41,Slow,High,45.23,38.04,"Major Loss",Low,2018-2020,"Moderately Effective"
Russia,2018,Malware,Telecommunications,8.11,737958,Unknown,"Social Engineering",VPN,35,Moderate,Low,13.27,13.20,"Minor Loss",High,2018-2020,"Moderately Effective"
Japan,2020,Man-in-the-Middle,Banking,23.55,108886,Insider,"Unpatched Software",Antivirus,51,Slow,Low,22.30,20.06,"Minor Loss",Low,2018-2020,"Needs Improvement"
Australia,2016,Phishing,Banking,92.79,285311,Nation-state,"Unpatched Software",VPN,55,Slow,Critical,58.25,49.26,"Extreme Loss",Medium,2015-2017,"Needs Improvement"
USA,2021,Malware,Retail,71.11,961868,"Hacker Group","Unpatched Software",Antivirus,57,Slow,High,49.84,43.69,"Major Loss",Massive,2021-2024,"Needs Improvement"
Australia,2023,Man-in-the-Middle,Banking,57.34,471743,Unknown,Zero-day,Firewall,29,Moderate,High,35.89,30.62,"Major Loss",Medium,2021-2024,"Moderately Effective"
UK,2024,Phishing,Government,81.26,993903,Unknown,"Weak Passwords",Firewall,25,Moderate,Critical,48.61,41.48,"Extreme Loss",Massive,2021-2024,"Moderately Effective"
China,2024,Ransomware,Telecommunications,7.32,179156,Nation-state,"Social Engineering","AI-based Detection",34,Moderate,Low,11.00,10.44,"Minor Loss",Low,2021-2024,"Moderately Effective"
Germany,2022,Man-in-the-Middle,Healthcare,56.27,699129,Nation-state,"Unpatched Software",Encryption,25,Moderate,High,35.23,30.30,"Major Loss",High,2021-2024,"Moderately Effective"
Russia,2021,Malware,IT,83.76,920983,Insider,"Social Engineering",Encryption,24,Moderate,Critical,49.44,41.99,"Extreme Loss",Massive,2021-2024,"Highly Effective"
UK,2023,"SQL Injection",Banking,85.64,875790,Nation-state,"Unpatched Software",Firewall,36,Moderate,Critical,52.65,44.96,"Extreme Loss",Massive,2021-2024,"Moderately Effective"
Russia,2016,Malware,Retail,61.39,415274,"Hacker Group","Weak Passwords",Encryption,40,Slow,High,39.94,34.22,"Major Loss",Medium,2015-2017,"Moderately Effective"
Russia,2023,Ransomware,Banking,42.14,222293,"Hacker Group","Social Engineering",VPN,38,Slow,Medium,29.34,25.35,"Moderate Loss",Medium,2021-2024,"Moderately Effective"
France,2021,Man-in-the-Middle,Retail,94.40,357092,Unknown,"Unpatched Software",VPN,71,Slow,Critical,62.47,53.39,"Extreme Loss",Medium,2021-2024,"Needs Improvement"
Australia,2021,Malware,Telecommunications,84.68,708291,"Hacker Group",Zero-day,"AI-based Detection",54,Slow,Critical,55.26,47.51,"Extreme Loss",High,2021-2024,"Needs Improvement"
Russia,2024,Malware,Banking,93.33,517610,Nation-state,"Social Engineering",Firewall,35,Moderate,Critical,55.22,46.40,"Extreme Loss",High,2021-2024,"Moderately Effective"
Germany,2023,Malware,Government,70.46,368803,"Hacker Group","Unpatched Software",VPN,23,Moderate,High,40.94,34.26,"Major Loss",Medium,2021-2024,"Highly Effective"
China,2023,Man-in-the-Middle,Healthcare,48.71,421191,Nation-state,"Unpatched Software",Firewall,62,Slow,Medium,38.02,33.57,"Moderate Loss",Medium,2021-2024,"Needs Improvement"
India,2018,Phishing,IT,69.03,282139,"Hacker Group","Unpatched Software",Encryption,37,Slow,High,42.76,36.14,"Major Loss",Medium,2018-2020,"Moderately Effective"
China,2018,Malware,IT,49.19,117543,Insider,"Social Engineering",Encryption,22,Moderate,Medium,29.35,24.55,"Moderate Loss",Low,2018-2020,"Highly Effective"
France,2016,Phishing,Government,27.20,536925,Unknown,Zero-day,Encryption,62,Slow,Medium,27.61,25.43,"Moderate Loss",High,2015-2017,"Needs Improvement"
France,2023,Ransomware,Retail,64.08,238068,Unknown,"Unpatched Software",VPN,61,Slow,High,44.95,38.78,"Major Loss",Medium,2021-2024,"Needs Improvement"
Japan,2022,Malware,Telecommunications,38.46,39814,Insider,"Social Engineering",VPN,32,Moderate,Medium,25.75,21.94,"Moderate Loss",Low,2021-2024,"Moderately Effective"
India,2018,DDoS,Government,80.89,268956,Nation-state,Zero-day,Antivirus,47,Slow,Critical,50.65,42.83,"Extreme Loss",Medium,2018-2020,"Moderately Effective"
France,2015,Malware,Education,15.76,424,Nation-state,"Unpatched Software",Antivirus,58,Slow,Low,19.48,17.91,"Minor Loss",Low,2015-2017,"Needs Improvement"
USA,2021,"SQL Injection",Telecommunications,82.24,982969,Unknown,"Unpatched Software",Encryption,64,Slow,Critical,56.87,49.63,"Extreme Loss",Massive,2021-2024,"Needs Improvement"
Germany,2021,Malware,Government,82.72,219703,Nation-state,"Social Engineering",Firewall,33,Moderate,Critical,48.62,40.57,"Extreme Loss",Medium,2021-2024,"Moderately Effective"
Japan,2016,Man-in-the-Middle,Retail,18.96,530947,Nation-state,"Unpatched Software",VPN,12,Fast,Low,13.47,12.11,"Minor Loss",High,2015-2017,"Highly Effective"
UK,2017,"SQL Injection",IT,53.39,576110,Insider,"Unpatched Software",Antivirus,37,Slow,High,35.82,31.06,"Major Loss",High,2015-2017,"Moderately Effective"
UK,2017,Man-in-the-Middle,Government,48.90,177154,Unknown,Zero-day,Antivirus,68,Slow,Medium,38.58,33.87,"Moderate Loss",Low,2015-2017,"Needs Improvement"
France,2017,"SQL Injection",Healthcare,60.77,212177,"Hacker Group","Social Engineering",Encryption,2,Fast,High,31.42,25.56,"Major Loss",Medium,2015-2017,"Highly Effective"
Germany,2021,DDoS,Banking,91.24,8787,"Hacker Group","Unpatched Software",Encryption,55,Slow,Critical,56.65,47.53,"Extreme Loss",Low,2021-2024,"Needs Improvement"
USA,2015,Phishing,Education,41.36,291727,Insider,"Social Engineering",Encryption,31,Moderate,Medium,27.76,23.91,"Moderate Loss",Medium,2015-2017,"Moderately Effective"
Germany,2022,DDoS,IT,78.18,987652,"Hacker Group","Social Engineering",VPN,72,Slow,Critical,56.45,49.62,"Major Loss",Massive,2021-2024,"Needs Improvement"
China,2022,Ransomware,Telecommunications,16.16,236284,Unknown,"Social Engineering",Antivirus,38,Slow,Low,16.39,15.01,"Minor Loss",Medium,2021-2024,"Moderately Effective"
USA,2020,Man-in-the-Middle,Telecommunications,15.63,209853,Nation-state,Zero-day,VPN,1,Fast,Low,8.64,7.29,"Minor Loss",Medium,2018-2020,"Highly Effective"
Australia,2020,DDoS,Retail,36.29,755621,Unknown,Zero-day,Antivirus,50,Slow,Medium,30.41,27.54,"Moderate Loss",High,2018-2020,"Needs Improvement"
France,2015,"SQL Injection",Retail,61.41,694844,Insider,"Unpatched Software",Antivirus,43,Slow,High,41.39,35.94,"Major Loss",High,2015-2017,"Moderately Effective"
France,2018,"SQL Injection",Retail,53.72,795831,Nation-state,"Unpatched Software",Encryption,61,Slow,High,41.45,36.87,"Major Loss",High,2018-2020,"Needs Improvement"
Brazil,2020,DDoS,Retail,17.40,342253,Unknown,"Weak Passwords",Encryption,22,Moderate,Low,14.13,12.73,"Minor Loss",Medium,2018-2020,"Highly Effective"
USA,2016,Phishing,Retail,75.94,638693,Nation-state,"Weak Passwords","AI-based Detection",35,Moderate,Critical,46.89,39.93,"Major Loss",High,2015-2017,"Moderately Effective"
USA,2018,Phishing,Banking,55.90,618616,Insider,Zero-day,VPN,51,Slow,High,40.01,35.03,"Major Loss",High,2018-2020,"Needs Improvement"
Brazil,2023,"SQL Injection",Retail,56.76,774426,"Hacker Group","Social Engineering","AI-based Detection",21,Moderate,High,34.90,30.00,"Major Loss",High,2021-2024,"Highly Effective"
Australia,2023,DDoS,Government,76.25,900661,Insider,"Unpatched Software",Encryption,64,Slow,Critical,53.63,46.90,"Major Loss",Massive,2021-2024,"Needs Improvement"
India,2019,Phishing,Telecommunications,75.23,141627,Insider,"Unpatched Software","AI-based Detection",64,Slow,Critical,50.84,43.46,"Major Loss",Low,2018-2020,"Needs Improvement"
Germany,2024,Phishing,IT,3.93,845785,Unknown,"Unpatched Software",VPN,69,Slow,Low,18.30,18.76,"Minor Loss",Massive,2021-2024,"Needs Improvement"
Australia,2015,Malware,Retail,99.41,120048,Insider,Zero-day,Antivirus,12,Fast,Critical,52.47,42.64,"Extreme Loss",Low,2015-2017,"Highly Effective"
USA,2016,Malware,Retail,32.89,894935,Unknown,"Social Engineering","AI-based Detection",31,Moderate,Medium,25.33,22.94,"Moderate Loss",Massive,2015-2017,"Moderately Effective"
Japan,2017,"SQL Injection",Healthcare,21.66,277555,Unknown,"Social Engineering","AI-based Detection",45,Slow,Low,20.66,18.77,"Minor Loss",Medium,2015-2017,"Moderately Effective"
Australia,2024,Ransomware,Education,85.86,461012,Insider,"Unpatched Software","AI-based Detection",38,Slow,Critical,51.91,43.79,"Extreme Loss",Medium,2021-2024,"Moderately Effective"
Russia,2021,"SQL Injection",Telecommunications,80.23,599291,Nation-state,"Social Engineering",Firewall,55,Slow,Critical,52.91,45.49,"Extreme Loss",High,2021-2024,"Needs Improvement"
Australia,2016,Man-in-the-Middle,Government,31.92,163602,"Hacker Group","Unpatched Software",VPN,26,Moderate,Medium,21.65,18.62,"Moderate Loss",Low,2015-2017,"Moderately Effective"
UK,2021,"SQL Injection",Government,39.03,986196,Nation-state,"Weak Passwords",Encryption,11,Fast,Medium,24.67,21.76,"Moderate Loss",Massive,2021-2024,"Highly Effective"
France,2024,Ransomware,Retail,99.03,349008,Nation-state,Zero-day,Encryption,20,Moderate,Critical,54.56,45.01,"Extreme Loss",Medium,2021-2024,"Highly Effective"
Germany,2022,"SQL Injection",Retail,25.10,559667,Unknown,Zero-day,Antivirus,69,Slow,Medium,28.03,26.08,"Moderate Loss",High,2021-2024,"Needs Improvement"
Russia,2018,DDoS,Healthcare,67.27,335628,"Hacker Group","Weak Passwords",Antivirus,20,Moderate,High,38.64,32.25,"Major Loss",Medium,2018-2020,"Highly Effective"
Germany,2016,Ransomware,Education,29.89,385363,Unknown,"Unpatched Software",Firewall,22,Moderate,Medium,20.50,17.90,"Moderate Loss",Medium,2015-2017,"Highly Effective"
USA,2021,Man-in-the-Middle,Education,15.92,945793,Insider,Zero-day,Firewall,32,Moderate,Low,17.20,16.55,"Minor Loss",Massive,2021-2024,"Moderately Effective"
Russia,2016,"SQL Injection",Telecommunications,95.93,595950,Nation-state,"Social Engineering","AI-based Detection",11,Fast,Critical,51.95,42.96,"Extreme Loss",High,2015-2017,"Highly Effective"
Japan,2022,DDoS,Education,12.61,756722,Nation-state,"Weak Passwords",VPN,15,Moderate,Low,11.58,11.07,"Minor Loss",High,2021-2024,"Highly Effective"
Australia,2024,Ransomware,Government,39.92,594424,"Hacker Group","Social Engineering",Antivirus,54,Slow,Medium,32.54,29.15,"Moderate Loss",High,2021-2024,"Needs Improvement"
China,2015,Malware,Retail,19.36,457790,"Hacker Group",Zero-day,Encryption,39,Slow,Low,18.85,17.38,"Minor Loss",Medium,2015-2017,"Moderately Effective"
China,2024,Ransomware,Telecommunications,70.47,549337,Unknown,"Social Engineering",Antivirus,63,Slow,High,49.48,42.99,"Major Loss",High,2021-2024,"Needs Improvement"
France,2023,Malware,Healthcare,53.34,714681,Unknown,"Unpatched Software",Firewall,34,Moderate,High,35.61,30.99,"Major Loss",High,2021-2024,"Moderately Effective"
India,2022,Malware,Government,84.15,849745,"Hacker Group","Social Engineering",Antivirus,51,Slow,Critical,54.82,47.26,"Extreme Loss",Massive,2021-2024,"Needs Improvement"
Brazil,2019,"SQL Injection",Banking,27.64,826256,Nation-state,Zero-day,VPN,50,Slow,Medium,26.30,24.36,"Moderate Loss",Massive,2018-2020,"Needs Improvement"
UK,2017,DDoS,IT,9.01,617543,Unknown,Zero-day,Antivirus,43,Slow,Low,14.96,14.67,"Minor Loss",High,2015-2017,"Moderately Effective"
USA,2017,"SQL Injection",Banking,9.08,895507,Unknown,"Social Engineering","AI-based Detection",52,Slow,Low,17.63,17.61,"Minor Loss",Massive,2015-2017,"Needs Improvement"
UK,2020,"SQL Injection",Healthcare,67.90,2233,Unknown,"Social Engineering",Antivirus,45,Slow,High,42.96,36.17,"Major Loss",Low,2018-2020,"Moderately Effective"
Japan,2022,Phishing,Government,71.12,76776,Unknown,"Unpatched Software",Firewall,42,Slow,High,44.19,37.16,"Major Loss",Low,2021-2024,"Moderately Effective"
China,2019,Ransomware,Retail,6.08,175261,Nation-state,Zero-day,VPN,64,Slow,Low,16.37,15.93,"Minor Loss",Low,2018-2020,"Needs Improvement"
Australia,2016,Man-in-the-Middle,Healthcare,90.85,746369,Insider,"Unpatched Software",Antivirus,30,Moderate,Critical,53.66,45.33,"Extreme Loss",High,2015-2017,"Moderately Effective"
Australia,2017,Malware,Healthcare,77.32,563706,Nation-state,"Unpatched Software","AI-based Detection",35,Moderate,Critical,47.35,40.18,"Major Loss",High,2015-2017,"Moderately Effective"
India,2022,DDoS,Healthcare,12.01,254980,Insider,"Unpatched Software","AI-based Detection",58,Slow,Low,18.37,17.42,"Minor Loss",Medium,2021-2024,"Needs Improvement"
Russia,2021,Malware,Education,0.54,869574,Unknown,"Unpatched Software",Antivirus,16,Moderate,Low,6.08,6.89,"Minor Loss",Massive,2021-2024,"Highly Effective"
Russia,2015,Malware,IT,95.33,282598,Unknown,Zero-day,VPN,21,Moderate,Critical,52.71,43.46,"Extreme Loss",Medium,2015-2017,"Highly Effective"
Brazil,2023,Malware,Telecommunications,62.77,422623,Nation-state,Zero-day,"AI-based Detection",55,Slow,High,43.65,37.80,"Major Loss",Medium,2021-2024,"Needs Improvement"
Brazil,2021,Malware,Healthcare,83.06,937717,Unknown,"Unpatched Software",Encryption,56,Slow,Critical,55.54,48.17,"Extreme Loss",Massive,2021-2024,"Needs Improvement"
India,2021,Man-in-the-Middle,Telecommunications,71.64,416077,Insider,"Social Engineering",VPN,39,Slow,High,44.87,38.12,"Major Loss",Medium,2021-2024,"Moderately Effective"
Australia,2019,Man-in-the-Middle,Banking,47.67,112313,Insider,"Social Engineering",Firewall,63,Slow,Medium,36.77,32.12,"Moderate Loss",Low,2018-2020,"Needs Improvement"
Australia,2017,Man-in-the-Middle,Telecommunications,79.72,799971,Insider,Zero-day,Firewall,63,Slow,Critical,54.86,47.69,"Major Loss",High,2015-2017,"Needs Improvement"
Japan,2018,Man-in-the-Middle,Retail,47.11,690595,"Hacker Group","Social Engineering",Antivirus,71,Slow,Medium,39.83,35.81,"Moderate Loss",High,2018-2020,"Needs Improvement"
India,2017,Man-in-the-Middle,Government,69.69,713419,"Hacker Group","Unpatched Software","AI-based Detection",70,Slow,High,50.99,44.73,"Major Loss",High,2015-2017,"Needs Improvement"
Australia,2022,Man-in-the-Middle,Healthcare,81.31,707365,"Hacker Group",Zero-day,Antivirus,38,Slow,Critical,50.38,42.95,"Extreme Loss",High,2021-2024,"Moderately Effective"
Brazil,2016,Malware,Healthcare,83.88,155059,Unknown,"Unpatched Software",Antivirus,29,Moderate,Critical,48.21,39.97,"Extreme Loss",Low,2015-2017,"Moderately Effective"
Russia,2022,Phishing,Banking,85.01,923558,Insider,"Weak Passwords",Encryption,41,Slow,Critical,53.48,45.90,"Extreme Loss",Massive,2021-2024,"Moderately Effective"
Germany,2022,DDoS,Telecommunications,20.55,239313,Nation-state,"Social Engineering","AI-based Detection",6,Fast,Low,12.19,10.38,"Minor Loss",Medium,2021-2024,"Highly Effective"
Russia,2023,Ransomware,Telecommunications,60.08,874485,"Hacker Group","Weak Passwords",Antivirus,48,Slow,High,42.26,37.13,"Major Loss",Massive,2021-2024,"Moderately Effective"
Russia,2016,"SQL Injection",Healthcare,46.95,90895,Unknown,"Social Engineering",VPN,29,Moderate,Medium,29.55,24.94,"Moderate Loss",Low,2015-2017,"Moderately Effective"
China,2015,Man-in-the-Middle,Retail,47.20,529593,"Hacker Group",Zero-day,VPN,64,Slow,Medium,37.99,33.80,"Moderate Loss",High,2015-2017,"Needs Improvement"
Germany,2018,Phishing,Government,46.92,610201,Nation-state,"Weak Passwords",VPN,72,Slow,Medium,39.69,35.61,"Moderate Loss",High,2018-2020,"Needs Improvement"
USA,2021,DDoS,Telecommunications,1.98,863623,"Hacker Group","Weak Passwords",Firewall,24,Moderate,Low,8.38,9.05,"Minor Loss",Massive,2021-2024,"Highly Effective"
USA,2018,Malware,Healthcare,14.28,755771,Insider,"Weak Passwords",Antivirus,44,Slow,Low,18.21,17.54,"Minor Loss",High,2018-2020,"Moderately Effective"
Japan,2021,"SQL Injection",Telecommunications,66.23,164032,Unknown,"Social Engineering",Firewall,5,Fast,High,34.61,28.15,"Major Loss",Low,2021-2024,"Highly Effective"
Russia,2019,Man-in-the-Middle,Telecommunications,95.66,259993,Nation-state,"Weak Passwords",Antivirus,58,Slow,Critical,60.21,50.90,"Extreme Loss",Medium,2018-2020,"Needs Improvement"
UK,2019,Phishing,Retail,90.13,232359,Unknown,"Social Engineering",Firewall,17,Moderate,Critical,49.16,40.38,"Extreme Loss",Medium,2018-2020,"Highly Effective"
Germany,2018,Phishing,Telecommunications,84.90,800031,Unknown,"Unpatched Software",Encryption,10,Fast,Critical,46.85,39.16,"Extreme Loss",Massive,2018-2020,"Highly Effective"
UK,2016,Phishing,Healthcare,71.19,925040,Unknown,"Unpatched Software",Encryption,48,Slow,High,47.97,41.78,"Major Loss",Massive,2015-2017,"Moderately Effective"
Brazil,2016,Malware,IT,99.29,273469,Insider,"Social Engineering","AI-based Detection",67,Slow,Critical,63.87,54.21,"Extreme Loss",Medium,2015-2017,"Needs Improvement"
Germany,2024,Malware,Banking,22.84,797768,Insider,Zero-day,Firewall,58,Slow,Low,25.41,23.93,"Minor Loss",High,2021-2024,"Needs Improvement"
Japan,2022,DDoS,Education,82.19,905203,"Hacker Group","Weak Passwords",Antivirus,37,Slow,Critical,51.21,43.90,"Extreme Loss",Massive,2021-2024,"Moderately Effective"
India,2023,Phishing,Telecommunications,11.72,512291,Insider,Zero-day,"AI-based Detection",51,Slow,Low,17.60,16.94,"Minor Loss",High,2021-2024,"Needs Improvement"
UK,2017,Phishing,Telecommunications,27.08,416833,Insider,"Social Engineering",VPN,9,Fast,Medium,16.59,14.30,"Moderate Loss",Medium,2015-2017,"Highly Effective"
UK,2015,Ransomware,Government,30.74,744505,Nation-state,"Unpatched Software",Antivirus,43,Slow,Medium,26.20,23.87,"Moderate Loss",High,2015-2017,"Moderately Effective"
Brazil,2020,Malware,Banking,79.61,755029,Nation-state,"Weak Passwords",Firewall,27,Moderate,Critical,47.47,40.26,"Major Loss",High,2018-2020,"Moderately Effective"
Brazil,2017,Malware,Banking,99.22,660182,Insider,"Weak Passwords","AI-based Detection",21,Moderate,Critical,55.79,46.53,"Extreme Loss",High,2015-2017,"Highly Effective"
India,2016,Ransomware,Retail,29.48,403737,Insider,Zero-day,Firewall,26,Moderate,Medium,21.15,18.61,"Moderate Loss",Medium,2015-2017,"Moderately Effective"
China,2019,DDoS,Retail,7.87,86783,Nation-state,"Weak Passwords",Antivirus,12,Fast,Low,6.60,5.90,"Minor Loss",Low,2018-2020,"Highly Effective"
Australia,2022,DDoS,Telecommunications,86.77,390083,Nation-state,"Social Engineering",VPN,72,Slow,Critical,58.96,50.67,"Extreme Loss",Medium,2021-2024,"Needs Improvement"
Brazil,2023,Man-in-the-Middle,Banking,20.15,376174,Unknown,"Social Engineering",Firewall,43,Slow,Low,19.80,18.16,"Minor Loss",Medium,2021-2024,"Moderately Effective"
UK,2022,Ransomware,Government,31.94,485080,Insider,"Weak Passwords",Antivirus,61,Slow,Medium,29.63,26.92,"Moderate Loss",Medium,2021-2024,"Needs Improvement"
France,2024,Ransomware,Banking,78.82,759804,Unknown,"Unpatched Software","AI-based Detection",47,Slow,Critical,51.09,43.97,"Major Loss",High,2021-2024,"Moderately Effective"
Japan,2017,Phishing,IT,65.62,286208,"Hacker Group",Zero-day,Firewall,57,Slow,High,45.07,38.79,"Major Loss",Medium,2015-2017,"Needs Improvement"
USA,2017,Malware,IT,75.53,992377,Nation-state,"Unpatched Software",Antivirus,33,Moderate,Critical,47.34,40.78,"Major Loss",Massive,2015-2017,"Moderately Effective"
USA,2021,Man-in-the-Middle,Education,36.06,48987,Unknown,Zero-day,VPN,58,Slow,Medium,29.78,26.22,"Moderate Loss",Low,2021-2024,"Needs Improvement"
Russia,2021,"SQL Injection",Telecommunications,68.07,538602,Insider,"Unpatched Software",VPN,19,Moderate,High,39.45,33.18,"Major Loss",High,2021-2024,"Highly Effective"
Japan,2015,Malware,Healthcare,26.29,808392,"Hacker Group","Weak Passwords","AI-based Detection",4,Fast,Medium,16.37,14.55,"Moderate Loss",Massive,2015-2017,"Highly Effective"
UK,2015,Ransomware,IT,26.12,21580,Unknown,"Weak Passwords","AI-based Detection",14,Moderate,Medium,15.92,13.33,"Moderate Loss",Low,2015-2017,"Highly Effective"
France,2020,Phishing,Government,94.44,209658,Insider,Zero-day,VPN,11,Fast,Critical,50.05,40.81,"Extreme Loss",Medium,2018-2020,"Highly Effective"
Japan,2017,Man-in-the-Middle,Retail,74.12,559889,Nation-state,Zero-day,VPN,10,Fast,High,40.74,33.89,"Major Loss",High,2015-2017,"Highly Effective"
France,2015,"SQL Injection",Government,12.92,344516,Insider,Zero-day,VPN,28,Moderate,Low,13.09,12.15,"Minor Loss",Medium,2015-2017,"Moderately Effective"
Australia,2024,Phishing,Retail,73.43,897569,"Hacker Group","Social Engineering","AI-based Detection",66,Slow,High,52.61,46.16,"Major Loss",Massive,2021-2024,"Needs Improvement"
Australia,2023,"SQL Injection",Healthcare,99.19,538688,Nation-state,Zero-day,Encryption,36,Moderate,Critical,58.41,49.03,"Extreme Loss",High,2021-2024,"Moderately Effective"
China,2015,DDoS,Government,22.71,303975,Nation-state,"Social Engineering",Firewall,2,Fast,Low,12.67,10.70,"Minor Loss",Medium,2015-2017,"Highly Effective"
Japan,2022,"SQL Injection",Telecommunications,67.62,822256,Insider,"Unpatched Software",Firewall,60,Slow,High,48.28,42.34,"Major Loss",Massive,2021-2024,"Needs Improvement"
Russia,2019,Man-in-the-Middle,Healthcare,53.82,521877,Unknown,Zero-day,Encryption,66,Slow,High,41.68,36.82,"Major Loss",High,2018-2020,"Needs Improvement"
Brazil,2016,"SQL Injection",Education,55.83,758258,Unknown,Zero-day,Encryption,44,Slow,High,38.99,34.17,"Major Loss",High,2015-2017,"Moderately Effective"
Brazil,2016,DDoS,IT,17.12,988369,"Hacker Group","Weak Passwords","AI-based Detection",26,Moderate,Low,16.73,16.00,"Minor Loss",Massive,2015-2017,"Moderately Effective"
France,2022,Malware,Healthcare,67.89,325521,"Hacker Group","Social Engineering",VPN,69,Slow,High,48.72,42.26,"Major Loss",Medium,2021-2024,"Needs Improvement"
Germany,2021,Ransomware,IT,5.54,254933,Nation-state,"Social Engineering","AI-based Detection",41,Slow,Low,11.73,11.44,"Minor Loss",Medium,2021-2024,"Moderately Effective"
UK,2023,DDoS,Government,55.28,339144,"Hacker Group","Unpatched Software",VPN,26,Moderate,High,33.86,28.67,"Major Loss",Medium,2021-2024,"Moderately Effective"
India,2022,Ransomware,Education,57.52,170002,Unknown,"Unpatched Software","AI-based Detection",54,Slow,High,40.07,34.49,"Major Loss",Low,2021-2024,"Needs Improvement"
Japan,2019,DDoS,Government,74.65,491269,Nation-state,Zero-day,Firewall,67,Slow,High,52.20,45.23,"Major Loss",Medium,2018-2020,"Needs Improvement"
China,2019,Phishing,Banking,49.14,341100,Insider,"Social Engineering",Firewall,37,Slow,Medium,32.99,28.42,"Moderate Loss",Medium,2018-2020,"Moderately Effective"
India,2018,DDoS,Government,36.04,446170,Insider,"Unpatched Software",VPN,72,Slow,Medium,33.76,30.60,"Moderate Loss",Medium,2018-2020,"Needs Improvement"
India,2015,Malware,Telecommunications,14.09,28398,Insider,Zero-day,Encryption,22,Moderate,Low,11.53,10.15,"Minor Loss",Low,2015-2017,"Highly Effective"
France,2017,Ransomware,Telecommunications,66.36,180698,"Hacker Group",Zero-day,Encryption,53,Slow,High,44.32,37.87,"Major Loss",Low,2015-2017,"Needs Improvement"
Germany,2017,Malware,Healthcare,8.53,676384,Unknown,"Social Engineering",VPN,44,Slow,Low,15.09,14.92,"Minor Loss",High,2015-2017,"Moderately Effective"
Brazil,2015,Ransomware,Healthcare,61.91,961557,Insider,"Unpatched Software",Firewall,64,Slow,High,46.64,41.41,"Major Loss",Massive,2015-2017,"Needs Improvement"
Japan,2020,Phishing,Education,54.47,345334,"Hacker Group","Weak Passwords",Antivirus,25,Moderate,High,33.27,28.17,"Major Loss",Medium,2018-2020,"Moderately Effective"
Russia,2024,Phishing,Education,87.88,263407,Nation-state,Zero-day,Antivirus,8,Fast,Critical,46.33,37.81,"Extreme Loss",Medium,2021-2024,"Highly Effective"
Russia,2017,Phishing,IT,89.22,791350,Nation-state,"Social Engineering",Antivirus,32,Moderate,Critical,53.38,45.25,"Extreme Loss",High,2015-2017,"Moderately Effective"
China,2022,Ransomware,Telecommunications,64.92,591819,Unknown,Zero-day,Antivirus,49,Slow,High,44.04,38.14,"Major Loss",High,2021-2024,"Needs Improvement"
UK,2016,"SQL Injection",IT,6.59,186612,Unknown,"Unpatched Software",Antivirus,30,Moderate,Low,9.85,9.38,"Minor Loss",Low,2015-2017,"Moderately Effective"
Japan,2018,Ransomware,Retail,48.00,187730,Nation-state,"Weak Passwords","AI-based Detection",26,Moderate,Medium,29.76,25.15,"Moderate Loss",Low,2018-2020,"Moderately Effective"
France,2015,"SQL Injection",IT,87.78,6456,"Hacker Group","Social Engineering",Firewall,69,Slow,Critical,57.71,48.94,"Extreme Loss",Low,2015-2017,"Needs Improvement"
Japan,2020,Malware,Banking,15.73,762662,"Hacker Group",Zero-day,Firewall,56,Slow,Low,21.35,20.54,"Minor Loss",High,2018-2020,"Needs Improvement"
UK,2015,Phishing,IT,30.26,256396,"Hacker Group",Zero-day,Encryption,29,Moderate,Medium,21.70,18.93,"Moderate Loss",Medium,2015-2017,"Moderately Effective"
Brazil,2021,"SQL Injection",Healthcare,54.59,437634,Unknown,"Weak Passwords","AI-based Detection",29,Moderate,High,34.41,29.39,"Major Loss",Medium,2021-2024,"Moderately Effective"
Russia,2015,Malware,Healthcare,63.09,80855,Nation-state,Zero-day,"AI-based Detection",53,Slow,High,42.39,36.16,"Major Loss",Low,2015-2017,"Needs Improvement"
India,2016,Phishing,Retail,59.36,967614,Nation-state,"Unpatched Software","AI-based Detection",71,Slow,High,46.78,41.81,"Major Loss",Massive,2015-2017,"Needs Improvement"
Japan,2020,Ransomware,IT,79.52,934400,Unknown,"Social Engineering",VPN,4,Fast,Critical,43.36,36.35,"Major Loss",Massive,2018-2020,"Highly Effective"
Germany,2023,Man-in-the-Middle,Telecommunications,87.83,547719,Unknown,"Weak Passwords","AI-based Detection",22,Moderate,Critical,49.96,41.72,"Extreme Loss",High,2021-2024,"Highly Effective"
China,2016,Malware,Healthcare,96.63,808984,Unknown,"Weak Passwords",Firewall,26,Moderate,Critical,55.94,47.09,"Extreme Loss",Massive,2015-2017,"Moderately Effective"
Japan,2023,Ransomware,Banking,52.86,261038,Nation-state,"Social Engineering",Encryption,48,Slow,High,36.81,31.79,"Major Loss",Medium,2021-2024,"Moderately Effective"
China,2024,Phishing,Education,4.01,841054,Insider,Zero-day,Antivirus,49,Slow,Low,14.33,14.77,"Minor Loss",Massive,2021-2024,"Needs Improvement"
China,2019,Ransomware,IT,68.02,175038,"Hacker Group","Weak Passwords",VPN,67,Slow,High,47.94,41.31,"Major Loss",Low,2018-2020,"Needs Improvement"
Russia,2022,Phishing,Retail,67.17,774613,"Hacker Group","Weak Passwords",Encryption,53,Slow,High,46.51,40.57,"Major Loss",High,2021-2024,"Needs Improvement"
Japan,2021,Phishing,Healthcare,37.45,558357,"Hacker Group","Weak Passwords",VPN,49,Slow,Medium,30.20,27.01,"Moderate Loss",High,2021-2024,"Needs Improvement"
India,2017,Phishing,Retail,36.78,620056,Nation-state,"Weak Passwords",Firewall,14,Moderate,Medium,23.05,19.99,"Moderate Loss",High,2015-2017,"Highly Effective"
Russia,2018,Malware,Healthcare,40.66,90640,Unknown,"Social Engineering",Encryption,56,Slow,Medium,31.80,27.83,"Moderate Loss",Low,2018-2020,"Needs Improvement"
Russia,2022,Ransomware,Retail,76.93,449596,Unknown,"Unpatched Software","AI-based Detection",3,Fast,Critical,40.41,33.17,"Major Loss",Medium,2021-2024,"Highly Effective"
Australia,2020,Ransomware,Healthcare,58.91,207842,Nation-state,"Social Engineering",Antivirus,40,Slow,High,38.08,32.40,"Major Loss",Medium,2018-2020,"Moderately Effective"
Germany,2017,Phishing,Retail,93.60,908249,Nation-state,Zero-day,"AI-based Detection",53,Slow,Critical,60.12,51.67,"Extreme Loss",Massive,2015-2017,"Needs Improvement"
Japan,2017,Phishing,Healthcare,47.39,470895,Nation-state,"Social Engineering",Encryption,63,Slow,Medium,37.71,33.44,"Moderate Loss",Medium,2015-2017,"Needs Improvement"
France,2017,Malware,Education,3.21,342049,Nation-state,"Unpatched Software","AI-based Detection",31,Moderate,Low,8.83,8.85,"Minor Loss",Medium,2015-2017,"Moderately Effective"
Brazil,2018,Phishing,Banking,98.75,316891,"Hacker Group","Social Engineering",Antivirus,55,Slow,Critical,61.33,51.77,"Extreme Loss",Medium,2018-2020,"Needs Improvement"
India,2019,Man-in-the-Middle,Education,27.45,633466,Unknown,Zero-day,"AI-based Detection",16,Moderate,Medium,18.83,16.71,"Moderate Loss",High,2018-2020,"Highly Effective"
USA,2023,Malware,Telecommunications,23.98,123866,Nation-state,Zero-day,Firewall,43,Slow,Low,20.96,18.69,"Minor Loss",Low,2021-2024,"Moderately Effective"
France,2017,DDoS,Telecommunications,79.93,305905,Unknown,"Unpatched Software",Encryption,44,Slow,Critical,49.68,42.00,"Major Loss",Medium,2015-2017,"Moderately Effective"
Russia,2023,"SQL Injection",Telecommunications,3.66,702942,Nation-state,"Unpatched Software","AI-based Detection",34,Moderate,Low,10.74,11.08,"Minor Loss",High,2021-2024,"Moderately Effective"
Brazil,2016,Man-in-the-Middle,Retail,72.78,11339,"Hacker Group","Social Engineering","AI-based Detection",34,Moderate,High,43.22,35.96,"Major Loss",Low,2015-2017,"Moderately Effective"
UK,2017,"SQL Injection",Banking,73.88,8385,Nation-state,"Social Engineering","AI-based Detection",69,Slow,High,50.77,43.39,"Major Loss",Low,2015-2017,"Needs Improvement"
Russia,2024,Ransomware,Banking,52.80,21810,Insider,Zero-day,VPN,48,Slow,High,36.07,30.81,"Major Loss",Low,2021-2024,"Moderately Effective"
India,2018,Man-in-the-Middle,Healthcare,94.60,7347,Insider,Zero-day,"AI-based Detection",7,Fast,Critical,48.72,39.27,"Extreme Loss",Low,2018-2020,"Highly Effective"
Germany,2021,"SQL Injection",Education,1.62,61463,"Hacker Group","Weak Passwords",Antivirus,58,Slow,Low,12.59,12.49,"Minor Loss",Low,2021-2024,"Needs Improvement"
Russia,2020,DDoS,Healthcare,0.82,683572,Insider,Zero-day,Antivirus,69,Slow,Low,16.26,16.86,"Minor Loss",High,2018-2020,"Needs Improvement"
Germany,2015,Malware,Healthcare,90.91,654633,Nation-state,"Weak Passwords",Antivirus,43,Slow,Critical,56.02,47.58,"Extreme Loss",High,2015-2017,"Moderately Effective"
Japan,2021,DDoS,Banking,32.84,311274,"Hacker Group",Zero-day,Encryption,67,Slow,Medium,30.75,27.78,"Moderate Loss",Medium,2021-2024,"Needs Improvement"
Russia,2017,Malware,Education,63.33,185208,Unknown,Zero-day,Firewall,3,Fast,High,32.82,26.67,"Major Loss",Low,2015-2017,"Highly Effective"
Russia,2022,Man-in-the-Middle,Healthcare,27.82,182378,Insider,"Social Engineering","AI-based Detection",10,Fast,Medium,16.46,13.86,"Moderate Loss",Low,2021-2024,"Highly Effective"
China,2016,Phishing,IT,7.73,800480,Unknown,Zero-day,VPN,31,Moderate,Low,12.47,12.49,"Minor Loss",Massive,2015-2017,"Moderately Effective"
India,2019,DDoS,Banking,46.98,147761,Unknown,"Unpatched Software","AI-based Detection",68,Slow,Medium,37.53,32.98,"Moderate Loss",Low,2018-2020,"Needs Improvement"
Russia,2024,Ransomware,Banking,80.11,923911,Insider,"Unpatched Software",Firewall,60,Slow,Critical,54.83,47.74,"Extreme Loss",Massive,2021-2024,"Needs Improvement"
Germany,2024,Ransomware,Education,11.81,418893,Insider,"Social Engineering",Firewall,31,Moderate,Low,13.36,12.60,"Minor Loss",Medium,2021-2024,"Moderately Effective"
Germany,2016,Ransomware,Education,15.09,914593,Unknown,"Weak Passwords","AI-based Detection",1,Fast,Low,10.49,9.89,"Minor Loss",Massive,2015-2017,"Highly Effective"
Japan,2015,"SQL Injection",Banking,20.69,344789,Unknown,Zero-day,"AI-based Detection",69,Slow,Low,25.18,23.46,"Minor Loss",Medium,2015-2017,"Needs Improvement"
India,2019,DDoS,Telecommunications,36.86,116906,Insider,"Social Engineering",VPN,7,Fast,Medium,20.18,16.61,"Moderate Loss",Low,2018-2020,"Highly Effective"
Australia,2019,Phishing,Education,10.87,812343,Insider,"Social Engineering",Antivirus,16,Moderate,Low,11.07,10.80,"Minor Loss",Massive,2018-2020,"Highly Effective"
China,2017,Malware,IT,18.17,346390,"Hacker Group","Weak Passwords",Firewall,36,Moderate,Low,17.32,15.85,"Minor Loss",Medium,2015-2017,"Moderately Effective"
Brazil,2018,Phishing,IT,13.89,30925,Insider,Zero-day,Encryption,43,Slow,Low,15.64,14.28,"Minor Loss",Low,2018-2020,"Moderately Effective"
UK,2017,DDoS,Government,15.63,663812,Nation-state,Zero-day,Antivirus,57,Slow,Low,21.21,20.31,"Minor Loss",High,2015-2017,"Needs Improvement"
Brazil,2020,Man-in-the-Middle,Government,32.72,220978,Nation-state,Zero-day,VPN,47,Slow,Medium,26.42,23.37,"Moderate Loss",Medium,2018-2020,"Moderately Effective"
UK,2021,DDoS,Banking,97.03,100486,Nation-state,"Unpatched Software",Firewall,31,Moderate,Critical,55.02,45.41,"Extreme Loss",Low,2021-2024,"Moderately Effective"
Russia,2023,"SQL Injection",Education,75.63,195733,Nation-state,"Weak Passwords",Antivirus,70,Slow,Critical,52.40,45.03,"Major Loss",Low,2021-2024,"Needs Improvement"
Japan,2023,Man-in-the-Middle,Healthcare,64.21,707978,Nation-state,"Weak Passwords",VPN,41,Slow,High,42.43,36.72,"Major Loss",High,2021-2024,"Moderately Effective"
Brazil,2018,Phishing,Healthcare,99.14,456432,Insider,"Weak Passwords",Antivirus,66,Slow,Critical,64.14,54.68,"Extreme Loss",Medium,2018-2020,"Needs Improvement"
Brazil,2016,Man-in-the-Middle,IT,75.51,37230,Unknown,"Social Engineering","AI-based Detection",52,Slow,Critical,48.27,40.75,"Major Loss",Low,2015-2017,"Needs Improvement"
UK,2015,DDoS,Government,11.68,890414,Nation-state,"Unpatched Software","AI-based Detection",28,Moderate,Low,14.11,13.83,"Minor Loss",Massive,2015-2017,"Moderately Effective"
France,2021,Malware,IT,33.84,440358,Nation-state,"Social Engineering",Antivirus,5,Fast,Medium,19.24,16.30,"Moderate Loss",Medium,2021-2024,"Highly Effective"
India,2022,Malware,Healthcare,38.89,400752,Insider,"Unpatched Software",Antivirus,36,Moderate,Medium,27.85,24.36,"Moderate Loss",Medium,2021-2024,"Moderately Effective"
France,2018,Phishing,Banking,89.77,134364,Nation-state,Zero-day,Antivirus,63,Slow,Critical,57.89,49.05,"Extreme Loss",Low,2018-2020,"Needs Improvement"
Germany,2017,DDoS,Telecommunications,15.01,406483,Insider,"Weak Passwords",Antivirus,62,Slow,Low,21.12,20.03,"Minor Loss",Medium,2015-2017,"Needs Improvement"
Brazil,2018,"SQL Injection",IT,98.38,661583,Insider,"Social Engineering",Encryption,30,Moderate,Critical,57.17,48.00,"Extreme Loss",High,2018-2020,"Moderately Effective"
Russia,2015,"SQL Injection",Education,23.49,642834,Unknown,"Weak Passwords",Antivirus,34,Moderate,Low,20.47,18.77,"Minor Loss",High,2015-2017,"Moderately Effective"
Brazil,2017,Ransomware,IT,9.43,493087,"Hacker Group","Unpatched Software",Encryption,44,Slow,Low,14.99,14.54,"Minor Loss",Medium,2015-2017,"Moderately Effective"
Brazil,2021,Man-in-the-Middle,IT,97.37,966570,Nation-state,"Weak Passwords",Antivirus,32,Moderate,Critical,57.98,49.21,"Extreme Loss",Massive,2021-2024,"Moderately Effective"
Russia,2022,Phishing,Telecommunications,73.26,687383,Nation-state,"Weak Passwords",VPN,8,Fast,High,40.29,33.65,"Major Loss",High,2021-2024,"Highly Effective"
Germany,2020,Phishing,Retail,78.84,733304,Unknown,"Weak Passwords",VPN,19,Moderate,Critical,45.42,38.27,"Major Loss",High,2018-2020,"Highly Effective"
India,2023,Ransomware,Telecommunications,3.51,661681,"Hacker Group","Weak Passwords","AI-based Detection",14,Moderate,Low,6.54,6.85,"Minor Loss",High,2021-2024,"Highly Effective"
France,2020,"SQL Injection",IT,25.32,644538,Unknown,"Social Engineering",Antivirus,57,Slow,Medium,25.99,24.11,"Moderate Loss",High,2018-2020,"Needs Improvement"
Germany,2015,Phishing,Banking,58.78,861637,Unknown,"Social Engineering",VPN,15,Moderate,High,34.97,29.96,"Major Loss",Massive,2015-2017,"Highly Effective"
Brazil,2016,"SQL Injection",Telecommunications,73.76,393189,Unknown,Zero-day,Antivirus,37,Slow,High,45.46,38.48,"Major Loss",Medium,2015-2017,"Moderately Effective"
France,2022,"SQL Injection",Healthcare,27.06,999545,"Hacker Group","Social Engineering",Encryption,47,Slow,Medium,25.93,24.22,"Moderate Loss",Massive,2021-2024,"Moderately Effective"
UK,2021,"SQL Injection",IT,77.82,935572,"Hacker Group","Social Engineering",Encryption,61,Slow,Critical,53.92,47.07,"Major Loss",Massive,2021-2024,"Needs Improvement"
France,2016,Ransomware,IT,55.99,724608,"Hacker Group","Social Engineering",Antivirus,21,Moderate,High,34.37,29.49,"Major Loss",High,2015-2017,"Highly Effective"
Brazil,2024,DDoS,Banking,55.73,750979,Unknown,"Social Engineering","AI-based Detection",30,Moderate,High,36.12,31.30,"Major Loss",High,2021-2024,"Moderately Effective"
India,2017,Malware,Telecommunications,7.44,552358,Nation-state,"Weak Passwords","AI-based Detection",42,Slow,Low,13.78,13.59,"Minor Loss",High,2015-2017,"Moderately Effective"
Australia,2019,Phishing,Banking,37.07,902654,Insider,"Social Engineering",Antivirus,9,Fast,Medium,23.04,20.24,"Moderate Loss",Massive,2018-2020,"Highly Effective"
UK,2022,Ransomware,Healthcare,75.67,413293,"Hacker Group",Zero-day,Antivirus,27,Moderate,Critical,44.47,37.32,"Major Loss",Medium,2021-2024,"Moderately Effective"
India,2024,Malware,Retail,56.19,114357,Insider,Zero-day,"AI-based Detection",58,Slow,High,40.04,34.53,"Major Loss",Low,2021-2024,"Needs Improvement"
USA,2018,Malware,Government,70.53,363432,"Hacker Group",Zero-day,"AI-based Detection",40,Slow,High,44.36,37.67,"Major Loss",Medium,2018-2020,"Moderately Effective"
Japan,2016,"SQL Injection",Telecommunications,63.77,304618,Unknown,"Unpatched Software",Antivirus,54,Slow,High,43.60,37.53,"Major Loss",Medium,2015-2017,"Needs Improvement"
India,2022,"SQL Injection",IT,32.73,153154,"Hacker Group",Zero-day,VPN,37,Slow,Medium,24.22,21.10,"Moderate Loss",Low,2021-2024,"Moderately Effective"
China,2022,Malware,Banking,21.87,741153,Insider,"Social Engineering",Encryption,66,Slow,Low,26.36,24.91,"Minor Loss",High,2021-2024,"Needs Improvement"
Japan,2024,Man-in-the-Middle,Healthcare,72.08,261230,Insider,"Social Engineering",VPN,19,Moderate,High,40.62,33.68,"Major Loss",Medium,2021-2024,"Highly Effective"
UK,2023,"SQL Injection",Telecommunications,53.82,688014,Unknown,Zero-day,Encryption,18,Moderate,High,32.57,27.88,"Major Loss",High,2021-2024,"Highly Effective"
Australia,2018,DDoS,Education,3.30,45027,Unknown,"Social Engineering",Antivirus,68,Slow,Low,15.39,15.10,"Minor Loss",Low,2018-2020,"Needs Improvement"
Australia,2021,Malware,Banking,13.99,689681,Nation-state,"Weak Passwords","AI-based Detection",62,Slow,Low,21.46,20.75,"Minor Loss",High,2021-2024,"Needs Improvement"
Germany,2024,Malware,Government,93.49,702688,"Hacker Group","Unpatched Software",Antivirus,39,Slow,Critical,56.65,48.01,"Extreme Loss",High,2021-2024,"Moderately Effective"
China,2016,Man-in-the-Middle,Banking,97.28,86038,Insider,"Weak Passwords",Encryption,19,Moderate,Critical,52.70,43.06,"Extreme Loss",Low,2015-2017,"Highly Effective"
Japan,2015,Malware,Education,17.19,899381,Insider,"Unpatched Software",Firewall,66,Slow,Low,24.49,23.67,"Minor Loss",Massive,2015-2017,"Needs Improvement"
India,2023,Malware,IT,54.21,157667,Insider,"Weak Passwords",VPN,34,Moderate,High,34.38,29.11,"Major Loss",Low,2021-2024,"Moderately Effective"
UK,2021,Malware,Government,64.28,643714,Nation-state,"Weak Passwords",VPN,25,Moderate,High,39.07,33.29,"Major Loss",High,2021-2024,"Moderately Effective"
USA,2023,Ransomware,Education,71.31,3607,Insider,Zero-day,"AI-based Detection",7,Fast,High,37.07,29.94,"Major Loss",Low,2021-2024,"Highly Effective"
UK,2017,Phishing,Banking,52.31,259706,"Hacker Group","Social Engineering",Antivirus,2,Fast,High,27.33,22.36,"Major Loss",Medium,2015-2017,"Highly Effective"
India,2021,Man-in-the-Middle,Retail,40.94,698921,Insider,"Weak Passwords",Firewall,72,Slow,Medium,36.97,33.57,"Moderate Loss",High,2021-2024,"Needs Improvement"
Brazil,2024,Ransomware,Government,32.21,482574,Nation-state,"Unpatched Software",Firewall,22,Moderate,Medium,21.95,19.21,"Moderate Loss",Medium,2021-2024,"Highly Effective"
France,2017,DDoS,IT,20.44,618269,Nation-state,"Weak Passwords",VPN,48,Slow,Low,21.67,20.25,"Minor Loss",High,2015-2017,"Moderately Effective"
Russia,2016,Ransomware,Government,59.66,854961,Unknown,"Unpatched Software","AI-based Detection",7,Fast,High,33.79,28.68,"Major Loss",Massive,2015-2017,"Highly Effective"
Brazil,2019,"SQL Injection",Education,56.33,595157,Unknown,Zero-day,Encryption,41,Slow,High,38.15,33.11,"Major Loss",High,2018-2020,"Moderately Effective"
France,2016,"SQL Injection",Government,2.24,813706,"Hacker Group","Weak Passwords",VPN,54,Slow,Low,14.36,14.95,"Minor Loss",Massive,2015-2017,"Needs Improvement"
Brazil,2018,DDoS,Telecommunications,82.05,322527,Nation-state,"Weak Passwords",Firewall,46,Slow,Critical,51.19,43.31,"Extreme Loss",Medium,2018-2020,"Moderately Effective"
China,2024,DDoS,Healthcare,11.92,557016,Unknown,Zero-day,Firewall,34,Moderate,Low,14.43,13.80,"Minor Loss",High,2021-2024,"Moderately Effective"
UK,2017,DDoS,Healthcare,54.83,966668,"Hacker Group","Weak Passwords","AI-based Detection",15,Moderate,High,33.32,28.80,"Major Loss",Massive,2015-2017,"Highly Effective"
France,2020,"SQL Injection",Retail,36.17,813165,Nation-state,"Unpatched Software",Antivirus,44,Slow,Medium,29.32,26.52,"Moderate Loss",Massive,2018-2020,"Moderately Effective"
France,2018,"SQL Injection",Government,80.06,400807,Unknown,"Weak Passwords",Firewall,67,Slow,Critical,54.63,47.03,"Extreme Loss",Medium,2018-2020,"Needs Improvement"
Brazil,2023,Man-in-the-Middle,Retail,74.85,549300,"Hacker Group","Weak Passwords",Antivirus,26,Moderate,High,44.27,37.34,"Major Loss",High,2021-2024,"Moderately Effective"
Brazil,2021,Ransomware,Government,74.01,956893,Unknown,"Social Engineering",Antivirus,49,Slow,High,49.68,43.23,"Major Loss",Massive,2021-2024,"Needs Improvement"
India,2015,"SQL Injection",Government,46.20,245370,Insider,"Social Engineering","AI-based Detection",57,Slow,Medium,35.24,30.86,"Moderate Loss",Medium,2015-2017,"Needs Improvement"
Brazil,2017,Malware,IT,9.59,912731,Nation-state,Zero-day,Firewall,4,Fast,Low,8.33,8.29,"Minor Loss",Massive,2015-2017,"Highly Effective"
USA,2017,Malware,Telecommunications,81.19,362085,Insider,"Weak Passwords",VPN,5,Fast,Critical,42.68,34.92,"Extreme Loss",Medium,2015-2017,"Highly Effective"
Germany,2022,"SQL Injection",Telecommunications,42.80,862664,"Hacker Group",Zero-day,Firewall,44,Slow,Medium,32.79,29.37,"Moderate Loss",Massive,2021-2024,"Moderately Effective"
China,2015,Ransomware,Telecommunications,32.65,313384,Insider,"Social Engineering",Antivirus,51,Slow,Medium,27.47,24.51,"Moderate Loss",Medium,2015-2017,"Needs Improvement"
Russia,2018,Malware,Banking,17.99,593009,Unknown,"Social Engineering",Firewall,27,Moderate,Low,16.17,14.97,"Minor Loss",High,2018-2020,"Moderately Effective"
Germany,2023,"SQL Injection",Banking,30.68,933754,Insider,"Social Engineering",Firewall,36,Moderate,Medium,25.34,23.21,"Moderate Loss",Massive,2021-2024,"Moderately Effective"
Japan,2015,DDoS,Government,82.12,55055,"Hacker Group","Unpatched Software",VPN,44,Slow,Critical,50.03,41.87,"Extreme Loss",Low,2015-2017,"Moderately Effective"
France,2020,"SQL Injection",Education,94.63,481180,"Hacker Group","Weak Passwords","AI-based Detection",10,Fast,Critical,50.76,41.78,"Extreme Loss",Medium,2018-2020,"Highly Effective"
Russia,2020,Man-in-the-Middle,Banking,54.03,110260,Unknown,"Weak Passwords",VPN,66,Slow,High,40.55,35.25,"Major Loss",Low,2018-2020,"Needs Improvement"
USA,2020,DDoS,Government,10.54,741592,Insider,"Social Engineering",VPN,69,Slow,Low,21.29,20.98,"Minor Loss",High,2018-2020,"Needs Improvement"
Russia,2020,Phishing,Education,34.41,928026,Unknown,"Social Engineering",VPN,5,Fast,Medium,20.99,18.48,"Moderate Loss",Massive,2018-2020,"Highly Effective"
Germany,2018,"SQL Injection",Education,84.27,399014,Nation-state,Zero-day,Firewall,52,Slow,Critical,53.73,45.70,"Extreme Loss",Medium,2018-2020,"Needs Improvement"
China,2018,Ransomware,Retail,35.08,42831,"Hacker Group","Social Engineering",Antivirus,42,Slow,Medium,26.07,22.60,"Moderate Loss",Low,2018-2020,"Moderately Effective"
UK,2018,Man-in-the-Middle,Healthcare,45.11,545613,Insider,"Unpatched Software",VPN,25,Moderate,Medium,29.19,25.23,"Moderate Loss",High,2018-2020,"Moderately Effective"
Australia,2023,Man-in-the-Middle,Retail,92.57,813789,Nation-state,"Unpatched Software",Antivirus,27,Moderate,Critical,54.13,45.68,"Extreme Loss",Massive,2021-2024,"Moderately Effective"
UK,2015,Ransomware,Banking,13.49,345825,"Hacker Group",Zero-day,"AI-based Detection",6,Fast,Low,8.98,7.98,"Minor Loss",Medium,2015-2017,"Highly Effective"
UK,2016,Phishing,Education,8.42,29671,Insider,"Unpatched Software",Encryption,61,Slow,Low,16.50,15.69,"Minor Loss",Low,2015-2017,"Needs Improvement"
Australia,2020,Phishing,Government,92.50,34011,Insider,"Unpatched Software",Firewall,9,Fast,Critical,48.15,38.94,"Extreme Loss",Low,2018-2020,"Highly Effective"
USA,2018,"SQL Injection",Banking,63.80,341383,Nation-state,"Weak Passwords",Antivirus,9,Fast,High,34.72,28.69,"Major Loss",Medium,2018-2020,"Highly Effective"
Japan,2020,Ransomware,Banking,40.86,565080,Unknown,Zero-day,Encryption,6,Fast,Medium,23.33,19.80,"Moderate Loss",High,2018-2020,"Highly Effective"
Germany,2019,Malware,Banking,79.24,862136,"Hacker Group",Zero-day,VPN,44,Slow,Critical,51.01,43.94,"Major Loss",Massive,2018-2020,"Moderately Effective"
Japan,2022,Man-in-the-Middle,Retail,37.15,241151,"Hacker Group","Social Engineering",Antivirus,56,Slow,Medium,30.50,27.02,"Moderate Loss",Medium,2021-2024,"Needs Improvement"
India,2024,Man-in-the-Middle,Government,62.06,321158,Insider,Zero-day,VPN,37,Slow,High,39.39,33.51,"Major Loss",Medium,2021-2024,"Moderately Effective"
France,2023,Phishing,Education,31.03,472386,Nation-state,Zero-day,Encryption,24,Moderate,Medium,21.73,19.10,"Moderate Loss",Medium,2021-2024,"Highly Effective"
UK,2015,Man-in-the-Middle,Healthcare,82.54,34240,Insider,"Weak Passwords",Encryption,45,Slow,Critical,50.37,42.15,"Extreme Loss",Low,2015-2017,"Moderately Effective"
USA,2019,Malware,Government,34.40,98018,Insider,Zero-day,VPN,55,Slow,Medium,28.49,25.15,"Moderate Loss",Low,2018-2020,"Needs Improvement"
Japan,2024,Phishing,Education,72.20,555808,Unknown,"Weak Passwords","AI-based Detection",4,Fast,High,38.57,31.90,"Major Loss",High,2021-2024,"Highly Effective"
UK,2021,"SQL Injection",Healthcare,52.23,449333,"Hacker Group","Unpatched Software",Encryption,39,Slow,High,35.26,30.49,"Major Loss",Medium,2021-2024,"Moderately Effective"
UK,2024,Man-in-the-Middle,Retail,7.16,368618,Nation-state,"Social Engineering",Firewall,22,Moderate,Low,9.09,8.74,"Minor Loss",Medium,2021-2024,"Highly Effective"
France,2022,Man-in-the-Middle,IT,78.23,310175,"Hacker Group","Unpatched Software","AI-based Detection",53,Slow,Critical,50.65,43.13,"Major Loss",Medium,2021-2024,"Needs Improvement"
UK,2020,Phishing,Retail,25.10,986980,Nation-state,Zero-day,VPN,71,Slow,Medium,29.71,28.19,"Moderate Loss",Massive,2018-2020,"Needs Improvement"
UK,2024,DDoS,Retail,88.54,518181,Insider,Zero-day,Antivirus,24,Moderate,Critical,50.62,42.29,"Extreme Loss",High,2021-2024,"Highly Effective"
India,2015,Phishing,Retail,49.51,72782,Unknown,Zero-day,Encryption,63,Slow,Medium,37.57,32.70,"Moderate Loss",Low,2015-2017,"Needs Improvement"
Russia,2018,DDoS,Telecommunications,4.08,502842,Unknown,Zero-day,VPN,15,Moderate,Low,6.55,6.64,"Minor Loss",High,2018-2020,"Highly Effective"
UK,2024,Phishing,Retail,89.31,376586,Unknown,"Weak Passwords","AI-based Detection",51,Slow,Critical,55.98,47.43,"Extreme Loss",Medium,2021-2024,"Needs Improvement"
Germany,2023,Phishing,Government,88.55,698597,Unknown,"Social Engineering",Antivirus,66,Slow,Critical,59.57,51.41,"Extreme Loss",High,2021-2024,"Needs Improvement"
Russia,2015,"SQL Injection",Education,5.26,559195,Insider,"Weak Passwords",VPN,52,Slow,Low,14.71,14.74,"Minor Loss",High,2015-2017,"Needs Improvement"
India,2024,Ransomware,Retail,17.57,236253,Unknown,"Social Engineering",Firewall,38,Slow,Low,17.09,15.57,"Minor Loss",Medium,2021-2024,"Moderately Effective"
Brazil,2016,DDoS,Healthcare,8.01,534847,Nation-state,Zero-day,Firewall,3,Fast,Low,6.21,5.94,"Minor Loss",High,2015-2017,"Highly Effective"
Australia,2016,Malware,Retail,39.86,262611,Unknown,"Social Engineering",Antivirus,33,Moderate,Medium,27.32,23.59,"Moderate Loss",Medium,2015-2017,"Moderately Effective"
Brazil,2021,"SQL Injection",Telecommunications,11.61,848702,Unknown,"Weak Passwords",Antivirus,48,Slow,Low,17.95,17.64,"Minor Loss",Massive,2021-2024,"Moderately Effective"
Germany,2017,Man-in-the-Middle,Retail,73.98,609952,"Hacker Group","Unpatched Software",VPN,7,Fast,High,40.22,33.43,"Major Loss",High,2015-2017,"Highly Effective"
Germany,2022,Man-in-the-Middle,IT,65.86,978868,Insider,"Weak Passwords","AI-based Detection",39,Slow,High,43.67,38.06,"Major Loss",Massive,2021-2024,"Moderately Effective"
Australia,2021,Ransomware,Retail,41.26,659734,Insider,"Unpatched Software",Antivirus,54,Slow,Medium,33.41,29.94,"Moderate Loss",High,2021-2024,"Needs Improvement"
Japan,2022,DDoS,Retail,64.38,88354,Nation-state,"Social Engineering","AI-based Detection",52,Slow,High,42.86,36.51,"Major Loss",Low,2021-2024,"Needs Improvement"
Brazil,2022,Phishing,Banking,75.01,771434,"Hacker Group","Social Engineering","AI-based Detection",38,Slow,Critical,47.42,40.69,"Major Loss",High,2021-2024,"Moderately Effective"
Australia,2016,"SQL Injection",Banking,1.73,91560,"Hacker Group","Weak Passwords","AI-based Detection",35,Moderate,Low,8.14,8.06,"Minor Loss",Low,2015-2017,"Moderately Effective"
UK,2021,Phishing,Healthcare,1.35,375292,Unknown,"Unpatched Software",Firewall,48,Slow,Low,11.40,11.64,"Minor Loss",Medium,2021-2024,"Moderately Effective"
Japan,2015,"SQL Injection",Retail,70.88,43366,Unknown,"Weak Passwords","AI-based Detection",43,Slow,High,44.17,37.13,"Major Loss",Low,2015-2017,"Moderately Effective"
India,2019,Ransomware,Telecommunications,32.08,429224,Unknown,"Social Engineering","AI-based Detection",56,Slow,Medium,28.53,25.75,"Moderate Loss",Medium,2018-2020,"Needs Improvement"
Brazil,2017,Phishing,Healthcare,68.99,526227,"Hacker Group","Weak Passwords",VPN,62,Slow,High,48.47,42.10,"Major Loss",High,2015-2017,"Needs Improvement"
Japan,2024,Man-in-the-Middle,Retail,9.77,621770,Insider,"Unpatched Software","AI-based Detection",70,Slow,Low,20.75,20.40,"Minor Loss",High,2021-2024,"Needs Improvement"
India,2019,DDoS,Telecommunications,14.53,857688,Insider,Zero-day,Antivirus,55,Slow,Low,20.84,20.24,"Minor Loss",Massive,2018-2020,"Needs Improvement"
Brazil,2024,"SQL Injection",Banking,33.06,644841,Insider,"Weak Passwords",Antivirus,64,Slow,Medium,31.26,28.60,"Moderate Loss",High,2021-2024,"Needs Improvement"
Russia,2024,Man-in-the-Middle,IT,67.61,242847,Unknown,"Unpatched Software",VPN,37,Slow,High,41.93,35.42,"Major Loss",Medium,2021-2024,"Moderately Effective"
China,2022,Man-in-the-Middle,IT,85.30,155225,Unknown,"Weak Passwords",Antivirus,13,Moderate,Critical,45.72,37.34,"Extreme Loss",Low,2021-2024,"Highly Effective"
Japan,2017,Man-in-the-Middle,Banking,79.68,712646,Nation-state,"Unpatched Software","AI-based Detection",50,Slow,Critical,51.98,44.72,"Major Loss",High,2015-2017,"Needs Improvement"
UK,2022,Phishing,Government,61.87,298941,Unknown,Zero-day,Antivirus,13,Moderate,High,34.43,28.54,"Major Loss",Medium,2021-2024,"Highly Effective"
Russia,2018,Man-in-the-Middle,Telecommunications,4.92,783480,Insider,Zero-day,"AI-based Detection",55,Slow,Low,15.81,16.10,"Minor Loss",High,2018-2020,"Needs Improvement"
Germany,2019,Phishing,Healthcare,99.97,950451,"Hacker Group","Weak Passwords","AI-based Detection",29,Moderate,Critical,58.64,49.59,"Extreme Loss",Massive,2018-2020,"Moderately Effective"
China,2018,Malware,Education,95.42,917848,Insider,"Social Engineering",VPN,30,Moderate,Critical,56.46,47.84,"Extreme Loss",Massive,2018-2020,"Moderately Effective"
Germany,2016,"SQL Injection",Education,42.98,194633,Nation-state,"Social Engineering",Antivirus,37,Slow,Medium,29.47,25.37,"Moderate Loss",Low,2015-2017,"Moderately Effective"
Australia,2016,Malware,Telecommunications,68.42,778844,Unknown,Zero-day,Encryption,65,Slow,High,49.55,43.48,"Major Loss",High,2015-2017,"Needs Improvement"
France,2018,"SQL Injection",Government,36.14,668774,Unknown,"Social Engineering",Firewall,61,Slow,Medium,32.28,29.33,"Moderate Loss",High,2018-2020,"Needs Improvement"
France,2023,"SQL Injection",Healthcare,69.76,824351,Unknown,Zero-day,Firewall,17,Moderate,High,40.75,34.60,"Major Loss",Massive,2021-2024,"Highly Effective"
UK,2020,Phishing,Healthcare,3.02,510974,Unknown,"Weak Passwords",Encryption,16,Moderate,Low,6.24,6.45,"Minor Loss",High,2018-2020,"Highly Effective"
Australia,2021,Man-in-the-Middle,Healthcare,86.29,404595,Unknown,"Social Engineering","AI-based Detection",3,Fast,Critical,44.96,36.73,"Extreme Loss",Medium,2021-2024,"Highly Effective"
Germany,2022,"SQL Injection",IT,6.31,742273,"Hacker Group",Zero-day,"AI-based Detection",67,Slow,Low,18.78,18.89,"Minor Loss",High,2021-2024,"Needs Improvement"
China,2016,Phishing,IT,27.46,973388,Nation-state,Zero-day,"AI-based Detection",63,Slow,Medium,29.25,27.48,"Moderate Loss",Massive,2015-2017,"Needs Improvement"
China,2024,DDoS,Government,69.28,890675,"Hacker Group","Unpatched Software",Firewall,5,Fast,High,38.31,32.27,"Major Loss",Massive,2021-2024,"Highly Effective"
Germany,2022,"SQL Injection",Education,68.96,710896,Nation-state,Zero-day,Firewall,18,Moderate,High,40.21,34.03,"Major Loss",High,2021-2024,"Highly Effective"
India,2023,"SQL Injection",Retail,2.85,30883,Nation-state,"Weak Passwords","AI-based Detection",51,Slow,Low,11.72,11.46,"Minor Loss",Low,2021-2024,"Needs Improvement"
UK,2020,"SQL Injection",Government,53.76,153355,Unknown,Zero-day,Encryption,57,Slow,High,38.74,33.52,"Major Loss",Low,2018-2020,"Needs Improvement"
Japan,2020,DDoS,Healthcare,25.83,96706,Insider,"Unpatched Software",Firewall,42,Slow,Medium,21.61,19.12,"Moderate Loss",Low,2018-2020,"Moderately Effective"
Australia,2016,"SQL Injection",IT,43.76,959797,Nation-state,"Social Engineering",Antivirus,32,Moderate,Medium,31.16,27.74,"Moderate Loss",Massive,2015-2017,"Moderately Effective"
China,2024,Phishing,Telecommunications,9.45,501864,"Hacker Group","Unpatched Software",Encryption,12,Fast,Low,8.63,8.19,"Minor Loss",High,2021-2024,"Highly Effective"
Japan,2024,Man-in-the-Middle,IT,63.57,358626,Unknown,"Weak Passwords",VPN,26,Moderate,High,38.06,32.06,"Major Loss",Medium,2021-2024,"Moderately Effective"
Japan,2017,Man-in-the-Middle,Healthcare,11.30,64472,Insider,"Social Engineering",Firewall,43,Slow,Low,14.44,13.38,"Minor Loss",Low,2015-2017,"Moderately Effective"
India,2023,DDoS,Education,82.11,23683,"Hacker Group","Weak Passwords",Encryption,69,Slow,Critical,54.93,46.74,"Extreme Loss",Low,2021-2024,"Needs Improvement"
USA,2017,Man-in-the-Middle,IT,5.21,22635,Unknown,"Unpatched Software","AI-based Detection",8,Fast,Low,4.27,3.77,"Minor Loss",Low,2015-2017,"Highly Effective"
UK,2017,"SQL Injection",Government,98.75,894933,Insider,"Weak Passwords",Antivirus,59,Slow,Critical,63.86,54.88,"Extreme Loss",Massive,2015-2017,"Needs Improvement"
UK,2023,Malware,Banking,55.34,259176,Unknown,"Unpatched Software",VPN,3,Fast,High,29.05,23.77,"Major Loss",Medium,2021-2024,"Highly Effective"
China,2022,Man-in-the-Middle,Banking,12.36,987115,Unknown,"Social Engineering",Encryption,55,Slow,Low,20.14,19.89,"Minor Loss",Massive,2021-2024,"Needs Improvement"
France,2022,DDoS,Healthcare,6.48,727601,Insider,"Social Engineering",Encryption,50,Slow,Low,15.42,15.50,"Minor Loss",High,2021-2024,"Needs Improvement"
UK,2021,Phishing,Retail,56.53,542850,Nation-state,Zero-day,Antivirus,41,Slow,High,38.09,32.98,"Major Loss",High,2021-2024,"Moderately Effective"
India,2023,Ransomware,Education,41.15,352194,Nation-state,"Unpatched Software",Firewall,10,Fast,Medium,23.63,19.87,"Moderate Loss",Medium,2021-2024,"Highly Effective"
France,2019,Malware,Healthcare,39.83,571521,Nation-state,"Weak Passwords",Antivirus,8,Fast,Medium,23.23,19.82,"Moderate Loss",High,2018-2020,"Highly Effective"
Brazil,2023,"SQL Injection",Healthcare,47.59,933271,Insider,"Unpatched Software",Antivirus,30,Moderate,Medium,32.59,28.77,"Moderate Loss",Massive,2021-2024,"Moderately Effective"
Brazil,2022,Phishing,Banking,98.06,884502,Insider,"Unpatched Software","AI-based Detection",55,Slow,Critical,62.68,53.76,"Extreme Loss",Massive,2021-2024,"Needs Improvement"
China,2015,Ransomware,IT,57.27,762001,Nation-state,"Social Engineering",VPN,67,Slow,High,44.32,39.36,"Major Loss",High,2015-2017,"Needs Improvement"
France,2016,DDoS,Government,82.49,351330,Nation-state,"Weak Passwords",VPN,57,Slow,Critical,53.70,45.80,"Extreme Loss",Medium,2015-2017,"Needs Improvement"
Australia,2023,Malware,Healthcare,37.73,158107,Unknown,"Unpatched Software","AI-based Detection",43,Slow,Medium,27.94,24.32,"Moderate Loss",Low,2021-2024,"Moderately Effective"
USA,2016,"SQL Injection",Government,77.45,632319,Unknown,"Weak Passwords","AI-based Detection",47,Slow,Critical,50.02,42.91,"Major Loss",High,2015-2017,"Moderately Effective"
India,2017,DDoS,Government,75.52,352250,Insider,Zero-day,VPN,39,Slow,Critical,46.62,39.42,"Major Loss",Medium,2015-2017,"Moderately Effective"
France,2018,Ransomware,Telecommunications,11.28,504165,"Hacker Group",Zero-day,"AI-based Detection",55,Slow,Low,18.15,17.53,"Minor Loss",High,2018-2020,"Needs Improvement"
Brazil,2024,DDoS,Telecommunications,36.69,738981,Unknown,"Social Engineering",VPN,45,Slow,Medium,29.56,26.63,"Moderate Loss",High,2021-2024,"Moderately Effective"
UK,2021,Ransomware,Banking,79.33,555527,Unknown,"Unpatched Software",Firewall,33,Moderate,Critical,47.93,40.55,"Major Loss",High,2021-2024,"Moderately Effective"
Russia,2019,"SQL Injection",Banking,59.78,681856,Insider,Zero-day,VPN,52,Slow,High,42.34,37.04,"Major Loss",High,2018-2020,"Needs Improvement"
Germany,2024,DDoS,Retail,38.65,197609,Nation-state,"Social Engineering",VPN,15,Moderate,Medium,22.92,19.25,"Moderate Loss",Low,2021-2024,"Highly Effective"
USA,2018,Man-in-the-Middle,Banking,85.29,685291,"Hacker Group","Social Engineering",Encryption,53,Slow,Critical,55.30,47.46,"Extreme Loss",High,2018-2020,"Needs Improvement"
Japan,2024,Ransomware,Retail,37.49,835730,Insider,Zero-day,VPN,14,Moderate,Medium,24.05,21.14,"Moderate Loss",Massive,2021-2024,"Highly Effective"
Germany,2016,Phishing,Education,48.57,907547,Unknown,"Unpatched Software",Firewall,33,Moderate,Medium,33.61,29.66,"Moderate Loss",Massive,2015-2017,"Moderately Effective"
France,2019,Phishing,Retail,3.00,298096,Unknown,"Social Engineering",Firewall,16,Moderate,Low,5.59,5.59,"Minor Loss",Medium,2018-2020,"Highly Effective"
UK,2023,Phishing,Retail,33.06,18579,Unknown,"Social Engineering",VPN,13,Moderate,Medium,19.19,15.90,"Moderate Loss",Low,2021-2024,"Highly Effective"
UK,2021,Malware,Education,70.90,490771,Nation-state,"Weak Passwords",Antivirus,70,Slow,High,50.92,44.32,"Major Loss",Medium,2021-2024,"Needs Improvement"
Germany,2020,Phishing,Healthcare,38.12,394577,Nation-state,"Unpatched Software",Encryption,33,Moderate,Medium,26.84,23.43,"Moderate Loss",Medium,2018-2020,"Moderately Effective"
India,2021,DDoS,Telecommunications,35.19,155426,Nation-state,Zero-day,Firewall,16,Moderate,Medium,21.26,17.90,"Moderate Loss",Low,2021-2024,"Highly Effective"
Russia,2017,Ransomware,Education,88.90,444399,Insider,Zero-day,Encryption,38,Slow,Critical,53.38,44.94,"Extreme Loss",Medium,2015-2017,"Moderately Effective"
Japan,2015,Man-in-the-Middle,Healthcare,7.96,770028,Unknown,"Unpatched Software",Firewall,58,Slow,Low,17.89,17.86,"Minor Loss",High,2015-2017,"Needs Improvement"
Brazil,2023,Ransomware,Retail,66.38,608520,"Hacker Group",Zero-day,VPN,14,Moderate,High,37.82,31.79,"Major Loss",High,2021-2024,"Highly Effective"
Australia,2020,DDoS,Healthcare,91.45,471113,"Hacker Group","Unpatched Software","AI-based Detection",71,Slow,Critical,61.34,52.66,"Extreme Loss",Medium,2018-2020,"Needs Improvement"
Germany,2015,Man-in-the-Middle,Retail,63.65,311253,Nation-state,"Weak Passwords","AI-based Detection",36,Moderate,High,39.96,33.91,"Major Loss",Medium,2015-2017,"Moderately Effective"
Brazil,2023,DDoS,IT,84.19,390409,Insider,Zero-day,"AI-based Detection",31,Moderate,Critical,49.47,41.44,"Extreme Loss",Medium,2021-2024,"Moderately Effective"
China,2015,"SQL Injection",IT,28.35,604786,Unknown,Zero-day,VPN,34,Moderate,Medium,22.79,20.56,"Moderate Loss",High,2015-2017,"Moderately Effective"
China,2024,"SQL Injection",Government,84.23,568377,Unknown,"Social Engineering",Antivirus,38,Slow,Critical,51.42,43.57,"Extreme Loss",High,2021-2024,"Moderately Effective"
Russia,2020,"SQL Injection",Telecommunications,29.89,267678,Insider,Zero-day,"AI-based Detection",13,Moderate,Medium,18.35,15.63,"Moderate Loss",Medium,2018-2020,"Highly Effective"
Australia,2020,Malware,Education,5.95,592485,Insider,"Weak Passwords",Firewall,10,Fast,Low,6.75,6.75,"Minor Loss",High,2018-2020,"Highly Effective"
USA,2018,DDoS,Government,84.85,639011,Insider,"Weak Passwords",Firewall,26,Moderate,Critical,49.54,41.70,"Extreme Loss",High,2018-2020,"Moderately Effective"
China,2023,Man-in-the-Middle,Telecommunications,28.82,446243,Unknown,Zero-day,Firewall,66,Slow,Medium,28.95,26.51,"Moderate Loss",Medium,2021-2024,"Needs Improvement"
Germany,2016,DDoS,Government,22.48,10438,Nation-state,"Unpatched Software",Encryption,10,Fast,Low,13.27,11.03,"Minor Loss",Low,2015-2017,"Highly Effective"
Brazil,2023,"SQL Injection",IT,97.37,796195,Nation-state,"Social Engineering",Firewall,20,Moderate,Critical,55.07,46.13,"Extreme Loss",High,2021-2024,"Highly Effective"
Australia,2020,"SQL Injection",Telecommunications,53.32,55392,Unknown,Zero-day,VPN,44,Slow,High,35.63,30.35,"Major Loss",Low,2018-2020,"Moderately Effective"
Germany,2016,DDoS,IT,63.11,579291,"Hacker Group","Unpatched Software",Encryption,6,Fast,High,34.49,28.76,"Major Loss",High,2015-2017,"Highly Effective"
Germany,2023,Malware,Banking,70.19,791366,Unknown,"Unpatched Software",Firewall,61,Slow,High,49.67,43.44,"Major Loss",High,2021-2024,"Needs Improvement"
France,2022,Malware,IT,92.29,727826,Unknown,"Weak Passwords",Encryption,63,Slow,Critical,60.93,52.43,"Extreme Loss",High,2021-2024,"Needs Improvement"
Russia,2023,Malware,IT,98.07,608695,Nation-state,"Unpatched Software","AI-based Detection",31,Moderate,Critical,57.06,47.86,"Extreme Loss",High,2021-2024,"Moderately Effective"
Australia,2019,"SQL Injection",Retail,13.96,496667,Unknown,Zero-day,Antivirus,45,Slow,Low,17.47,16.57,"Minor Loss",Medium,2018-2020,"Moderately Effective"
Japan,2024,Malware,Retail,56.90,353887,Unknown,"Weak Passwords",Antivirus,59,Slow,High,41.31,35.98,"Major Loss",Medium,2021-2024,"Needs Improvement"
China,2019,Ransomware,Banking,32.69,713584,Insider,"Weak Passwords",Firewall,26,Moderate,Medium,23.69,21.13,"Moderate Loss",High,2018-2020,"Moderately Effective"
India,2017,DDoS,IT,70.09,417831,Unknown,"Unpatched Software",Encryption,36,Moderate,High,43.50,36.91,"Major Loss",Medium,2015-2017,"Moderately Effective"
USA,2019,Ransomware,Banking,22.62,51219,Unknown,Zero-day,Encryption,36,Moderate,Low,18.66,16.45,"Minor Loss",Low,2018-2020,"Moderately Effective"
UK,2017,Ransomware,Retail,47.91,153257,Insider,Zero-day,Encryption,59,Slow,Medium,36.21,31.58,"Moderate Loss",Low,2015-2017,"Needs Improvement"
Russia,2017,Phishing,Retail,20.58,768022,Unknown,Zero-day,VPN,64,Slow,Low,25.39,24.10,"Minor Loss",High,2015-2017,"Needs Improvement"
France,2024,Phishing,Banking,26.29,314347,"Hacker Group","Unpatched Software",Antivirus,28,Moderate,Medium,19.69,17.37,"Moderate Loss",Medium,2021-2024,"Moderately Effective"
Germany,2020,Phishing,IT,33.51,649406,Insider,"Social Engineering",Firewall,27,Moderate,Medium,24.10,21.40,"Moderate Loss",High,2018-2020,"Moderately Effective"
Japan,2023,Phishing,Education,68.28,744595,Insider,Zero-day,Antivirus,44,Slow,High,45.17,39.09,"Major Loss",High,2021-2024,"Moderately Effective"
Brazil,2021,DDoS,Banking,14.72,126781,Insider,"Weak Passwords",Antivirus,32,Moderate,Low,14.14,12.80,"Minor Loss",Low,2021-2024,"Moderately Effective"
France,2015,Phishing,Retail,44.29,427167,Insider,"Unpatched Software",Encryption,11,Fast,Medium,25.63,21.62,"Moderate Loss",Medium,2015-2017,"Highly Effective"
Australia,2023,Ransomware,Retail,41.54,396865,Insider,"Social Engineering","AI-based Detection",42,Slow,Medium,30.36,26.60,"Moderate Loss",Medium,2021-2024,"Moderately Effective"
UK,2019,Phishing,Telecommunications,90.67,902952,Unknown,"Weak Passwords",Encryption,8,Fast,Critical,49.64,41.48,"Extreme Loss",Massive,2018-2020,"Highly Effective"
USA,2023,Ransomware,IT,34.94,632075,Insider,"Social Engineering",Encryption,64,Slow,Medium,32.17,29.30,"Moderate Loss",High,2021-2024,"Needs Improvement"
France,2017,"SQL Injection",Healthcare,83.73,728486,Nation-state,"Social Engineering",Encryption,61,Slow,Critical,56.25,48.61,"Extreme Loss",High,2015-2017,"Needs Improvement"
Australia,2018,DDoS,Education,64.62,109439,Insider,Zero-day,Antivirus,32,Moderate,High,39.04,32.69,"Major Loss",Low,2018-2020,"Moderately Effective"
India,2018,Malware,Education,86.38,1174,Insider,"Weak Passwords",VPN,23,Moderate,Critical,47.79,39.16,"Extreme Loss",Low,2018-2020,"Highly Effective"
Russia,2024,Phishing,Education,25.70,953987,Insider,"Social Engineering","AI-based Detection",65,Slow,Medium,28.71,27.10,"Moderate Loss",Massive,2021-2024,"Needs Improvement"
Brazil,2021,DDoS,Government,56.20,713309,"Hacker Group",Zero-day,Antivirus,51,Slow,High,40.44,35.53,"Major Loss",High,2021-2024,"Needs Improvement"
Russia,2021,DDoS,Healthcare,11.38,334528,Insider,"Weak Passwords",VPN,5,Fast,Low,7.69,6.89,"Minor Loss",Medium,2021-2024,"Highly Effective"
USA,2016,Phishing,IT,92.53,219826,Nation-state,"Social Engineering",Antivirus,38,Slow,Critical,54.52,45.49,"Extreme Loss",Medium,2015-2017,"Moderately Effective"
USA,2015,"SQL Injection",Telecommunications,88.60,916744,Nation-state,"Social Engineering",Antivirus,47,Slow,Critical,56.45,48.51,"Extreme Loss",Massive,2015-2017,"Moderately Effective"
USA,2017,Man-in-the-Middle,IT,30.40,568560,"Hacker Group",Zero-day,"AI-based Detection",49,Slow,Medium,26.71,24.23,"Moderate Loss",High,2015-2017,"Needs Improvement"
UK,2019,Malware,Education,90.70,440178,Insider,"Unpatched Software",VPN,15,Moderate,Critical,49.67,41.04,"Extreme Loss",Medium,2018-2020,"Highly Effective"
Japan,2023,"SQL Injection",Healthcare,45.38,172628,Insider,"Weak Passwords",Encryption,4,Fast,Medium,24.01,19.64,"Moderate Loss",Low,2021-2024,"Highly Effective"
USA,2022,Ransomware,Government,71.33,257989,Unknown,"Unpatched Software","AI-based Detection",68,Slow,High,50.04,43.16,"Major Loss",Medium,2021-2024,"Needs Improvement"
Japan,2021,Phishing,Healthcare,9.42,573560,"Hacker Group","Social Engineering",Antivirus,9,Fast,Low,8.23,7.86,"Minor Loss",High,2021-2024,"Highly Effective"
Brazil,2018,Malware,Education,5.27,850056,"Hacker Group","Weak Passwords",VPN,65,Slow,Low,18.19,18.51,"Minor Loss",Massive,2018-2020,"Needs Improvement"
Australia,2018,DDoS,Retail,41.59,860119,Nation-state,"Unpatched Software",Encryption,30,Moderate,Medium,29.38,26.08,"Moderate Loss",Massive,2018-2020,"Moderately Effective"
USA,2015,"SQL Injection",Education,98.78,140958,Insider,"Social Engineering","AI-based Detection",51,Slow,Critical,60.01,50.28,"Extreme Loss",Low,2015-2017,"Needs Improvement"
China,2015,DDoS,Telecommunications,61.24,965727,Nation-state,Zero-day,"AI-based Detection",32,Moderate,High,39.92,34.76,"Major Loss",Massive,2015-2017,"Moderately Effective"
Russia,2015,Malware,Telecommunications,69.34,20269,Unknown,"Social Engineering",VPN,36,Moderate,High,41.93,35.02,"Major Loss",Low,2015-2017,"Moderately Effective"
Germany,2015,DDoS,Retail,7.84,323011,Nation-state,"Social Engineering",Encryption,25,Moderate,Low,9.89,9.43,"Minor Loss",Medium,2015-2017,"Moderately Effective"
USA,2016,Ransomware,Retail,57.17,50321,Nation-state,"Social Engineering",Antivirus,25,Moderate,High,33.74,28.07,"Major Loss",Low,2015-2017,"Moderately Effective"
Russia,2020,DDoS,Banking,33.99,851863,Insider,"Weak Passwords",Firewall,25,Moderate,Medium,24.55,22.00,"Moderate Loss",Massive,2018-2020,"Moderately Effective"
China,2024,DDoS,IT,22.45,704925,Unknown,"Unpatched Software","AI-based Detection",52,Slow,Low,23.74,22.20,"Minor Loss",High,2021-2024,"Needs Improvement"
France,2018,Ransomware,Banking,27.78,355077,Nation-state,"Unpatched Software",VPN,65,Slow,Medium,27.96,25.53,"Moderate Loss",Medium,2018-2020,"Needs Improvement"
Australia,2022,Malware,Education,47.12,866057,Unknown,"Social Engineering",Antivirus,17,Moderate,Medium,29.56,25.71,"Moderate Loss",Massive,2021-2024,"Highly Effective"
Germany,2016,"SQL Injection",Telecommunications,48.77,169455,Insider,Zero-day,Antivirus,23,Moderate,Medium,29.49,24.79,"Moderate Loss",Low,2015-2017,"Highly Effective"
India,2023,"SQL Injection",IT,92.35,380022,Unknown,"Unpatched Software",Encryption,30,Moderate,Critical,53.32,44.46,"Extreme Loss",Medium,2021-2024,"Moderately Effective"
USA,2019,"SQL Injection",Retail,88.98,898679,Insider,Zero-day,Firewall,35,Moderate,Critical,54.19,46.19,"Extreme Loss",Massive,2018-2020,"Moderately Effective"
Japan,2020,Ransomware,IT,61.69,704157,Unknown,Zero-day,Antivirus,42,Slow,High,41.36,35.89,"Major Loss",High,2018-2020,"Moderately Effective"
Russia,2022,Malware,Telecommunications,84.57,262201,Nation-state,"Weak Passwords",Encryption,54,Slow,Critical,53.87,45.68,"Extreme Loss",Medium,2021-2024,"Needs Improvement"
Brazil,2021,DDoS,Telecommunications,67.87,683261,"Hacker Group","Unpatched Software",Antivirus,13,Moderate,High,38.58,32.48,"Major Loss",High,2021-2024,"Highly Effective"
USA,2022,Phishing,IT,59.70,382379,Nation-state,"Unpatched Software",Firewall,2,Fast,High,31.40,25.81,"Major Loss",Medium,2021-2024,"Highly Effective"
Germany,2024,Phishing,Government,90.21,510657,Nation-state,"Social Engineering",VPN,62,Slow,Critical,59.04,50.53,"Extreme Loss",High,2021-2024,"Needs Improvement"
UK,2018,"SQL Injection",Education,16.23,912558,Nation-state,"Unpatched Software",Antivirus,69,Slow,Low,24.65,23.94,"Minor Loss",Massive,2018-2020,"Needs Improvement"
UK,2020,Ransomware,Banking,16.91,952504,"Hacker Group",Zero-day,"AI-based Detection",45,Slow,Low,20.31,19.57,"Minor Loss",Massive,2018-2020,"Moderately Effective"
France,2015,Phishing,Government,41.88,913027,Insider,"Unpatched Software",Antivirus,68,Slow,Medium,37.28,34.00,"Moderate Loss",Massive,2015-2017,"Needs Improvement"
Brazil,2019,Malware,Government,31.04,269271,Insider,"Unpatched Software",Antivirus,58,Slow,Medium,27.93,25.09,"Moderate Loss",Medium,2018-2020,"Needs Improvement"
India,2016,Ransomware,Healthcare,37.12,113404,"Hacker Group","Social Engineering",Antivirus,11,Fast,Medium,21.10,17.50,"Moderate Loss",Low,2015-2017,"Highly Effective"
Russia,2023,DDoS,Healthcare,46.20,310868,"Hacker Group","Weak Passwords",Antivirus,10,Fast,Medium,26.03,21.72,"Moderate Loss",Medium,2021-2024,"Highly Effective"
Japan,2024,Man-in-the-Middle,Telecommunications,98.30,458630,Insider,"Social Engineering",Antivirus,14,Moderate,Critical,53.33,43.95,"Extreme Loss",Medium,2021-2024,"Highly Effective"
USA,2024,Ransomware,IT,16.61,912183,Unknown,"Weak Passwords",Encryption,44,Slow,Low,19.84,19.09,"Minor Loss",Massive,2021-2024,"Moderately Effective"
Brazil,2017,Man-in-the-Middle,IT,71.06,871891,Unknown,"Social Engineering",Antivirus,52,Slow,High,48.55,42.31,"Major Loss",Massive,2015-2017,"Needs Improvement"
USA,2016,"SQL Injection",Government,14.17,863298,Nation-state,"Unpatched Software",VPN,15,Moderate,Low,12.67,12.12,"Minor Loss",Massive,2015-2017,"Highly Effective"
Australia,2018,Malware,Healthcare,82.65,434626,Unknown,"Social Engineering","AI-based Detection",29,Moderate,Critical,48.43,40.60,"Extreme Loss",Medium,2018-2020,"Moderately Effective"
Australia,2018,Ransomware,IT,78.27,195490,Unknown,Zero-day,Antivirus,63,Slow,Critical,52.32,44.69,"Major Loss",Low,2018-2020,"Needs Improvement"
UK,2022,Ransomware,Retail,10.44,19404,Nation-state,"Unpatched Software",Firewall,32,Moderate,Low,11.68,10.65,"Minor Loss",Low,2021-2024,"Moderately Effective"
Russia,2019,Ransomware,Healthcare,21.95,217438,"Hacker Group","Social Engineering",Firewall,14,Moderate,Low,14.43,12.45,"Minor Loss",Medium,2018-2020,"Highly Effective"
India,2018,Malware,Healthcare,30.83,481452,Unknown,"Weak Passwords","AI-based Detection",57,Slow,Medium,28.26,25.66,"Moderate Loss",Medium,2018-2020,"Needs Improvement"
UK,2020,"SQL Injection",Education,35.57,386093,Unknown,"Unpatched Software",VPN,42,Slow,Medium,27.34,24.17,"Moderate Loss",Medium,2018-2020,"Moderately Effective"
France,2019,Man-in-the-Middle,Banking,28.29,929020,Nation-state,"Weak Passwords",Antivirus,2,Fast,Medium,17.33,15.43,"Moderate Loss",Massive,2018-2020,"Highly Effective"
USA,2022,Malware,IT,4.06,863756,Nation-state,"Unpatched Software","AI-based Detection",66,Slow,Low,17.82,18.28,"Minor Loss",Massive,2021-2024,"Needs Improvement"
China,2018,Ransomware,Telecommunications,58.28,300898,Nation-state,"Unpatched Software",Encryption,18,Moderate,High,33.64,28.12,"Major Loss",Medium,2018-2020,"Highly Effective"
Japan,2017,"SQL Injection",Healthcare,7.31,191328,Insider,"Weak Passwords",Encryption,51,Slow,Low,14.43,13.89,"Minor Loss",Low,2015-2017,"Needs Improvement"
Germany,2021,Man-in-the-Middle,Banking,37.69,361849,"Hacker Group",Zero-day,Firewall,63,Slow,Medium,32.53,29.12,"Moderate Loss",Medium,2021-2024,"Needs Improvement"
Brazil,2016,Phishing,Retail,27.99,30884,Nation-state,"Unpatched Software",Antivirus,26,Moderate,Medium,19.29,16.52,"Moderate Loss",Low,2015-2017,"Moderately Effective"
Brazil,2024,Ransomware,IT,71.55,902924,Unknown,"Social Engineering",Encryption,12,Fast,High,40.88,34.63,"Major Loss",Massive,2021-2024,"Highly Effective"
Brazil,2024,Man-in-the-Middle,Telecommunications,27.13,943178,Nation-state,"Weak Passwords",VPN,63,Slow,Medium,28.99,27.22,"Moderate Loss",Massive,2021-2024,"Needs Improvement"
Australia,2021,"SQL Injection",Telecommunications,10.28,994468,Insider,"Unpatched Software",Antivirus,8,Fast,Low,9.72,9.69,"Minor Loss",Massive,2021-2024,"Highly Effective"
China,2022,Phishing,Retail,31.35,131361,Insider,"Weak Passwords",Firewall,39,Slow,Medium,23.87,20.87,"Moderate Loss",Low,2021-2024,"Moderately Effective"
China,2023,Malware,Telecommunications,80.10,237658,Unknown,Zero-day,Antivirus,26,Moderate,Critical,45.96,38.19,"Extreme Loss",Medium,2021-2024,"Moderately Effective"
USA,2017,Ransomware,Banking,42.19,157313,"Hacker Group","Unpatched Software",Antivirus,47,Slow,Medium,30.97,26.91,"Moderate Loss",Low,2015-2017,"Moderately Effective"
UK,2021,Man-in-the-Middle,Education,40.98,414340,Insider,"Unpatched Software","AI-based Detection",10,Fast,Medium,23.73,20.05,"Moderate Loss",Medium,2021-2024,"Highly Effective"
France,2020,DDoS,Healthcare,58.80,153523,Insider,"Social Engineering",Encryption,22,Moderate,High,34.26,28.53,"Major Loss",Low,2018-2020,"Highly Effective"
UK,2019,Phishing,IT,3.33,232665,Unknown,"Social Engineering","AI-based Detection",65,Slow,Low,15.36,15.26,"Minor Loss",Medium,2018-2020,"Needs Improvement"
Germany,2022,Phishing,Government,58.98,383945,Nation-state,Zero-day,Encryption,49,Slow,High,40.44,34.93,"Major Loss",Medium,2021-2024,"Needs Improvement"
Brazil,2023,Ransomware,Government,4.60,762006,Unknown,"Weak Passwords",Antivirus,21,Moderate,Low,8.79,9.09,"Minor Loss",High,2021-2024,"Highly Effective"
Germany,2019,"SQL Injection",Government,96.91,408103,Nation-state,"Unpatched Software",Firewall,27,Moderate,Critical,55.08,45.80,"Extreme Loss",Medium,2018-2020,"Moderately Effective"
France,2022,Phishing,Healthcare,85.91,44837,Unknown,Zero-day,"AI-based Detection",18,Moderate,Critical,46.69,38.14,"Extreme Loss",Low,2021-2024,"Highly Effective"
Germany,2023,DDoS,Telecommunications,51.49,642699,Unknown,"Social Engineering",Firewall,51,Slow,High,37.87,33.37,"Major Loss",High,2021-2024,"Needs Improvement"
UK,2021,Ransomware,Telecommunications,3.99,634820,Insider,"Unpatched Software",Encryption,33,Moderate,Low,10.50,10.74,"Minor Loss",High,2021-2024,"Moderately Effective"
France,2021,Malware,Retail,3.44,887718,Insider,Zero-day,Antivirus,55,Slow,Low,15.38,15.93,"Minor Loss",Massive,2021-2024,"Needs Improvement"
USA,2020,DDoS,Education,52.70,541631,Unknown,Zero-day,"AI-based Detection",30,Moderate,High,33.97,29.25,"Major Loss",High,2018-2020,"Moderately Effective"
USA,2016,Ransomware,Retail,11.58,523522,Unknown,"Weak Passwords",Encryption,57,Slow,Low,18.76,18.13,"Minor Loss",High,2015-2017,"Needs Improvement"
Russia,2021,DDoS,Government,91.69,686309,Unknown,"Unpatched Software",Antivirus,42,Slow,Critical,56.30,47.82,"Extreme Loss",High,2021-2024,"Moderately Effective"
India,2015,Man-in-the-Middle,Education,79.89,416328,Nation-state,Zero-day,Encryption,55,Slow,Critical,52.19,44.62,"Major Loss",Medium,2015-2017,"Needs Improvement"
India,2021,Man-in-the-Middle,IT,53.49,582718,"Hacker Group","Social Engineering",Encryption,20,Moderate,High,32.49,27.73,"Major Loss",High,2021-2024,"Highly Effective"
Japan,2021,Man-in-the-Middle,Telecommunications,18.91,549640,Nation-state,"Social Engineering",Encryption,17,Moderate,Low,14.50,13.16,"Minor Loss",High,2021-2024,"Highly Effective"
USA,2024,DDoS,Retail,15.34,1068,Insider,"Social Engineering",Firewall,3,Fast,Low,8.27,6.74,"Minor Loss",Low,2021-2024,"Highly Effective"
France,2018,DDoS,Telecommunications,12.72,959835,Unknown,Zero-day,Firewall,38,Slow,Low,16.84,16.53,"Minor Loss",Massive,2018-2020,"Moderately Effective"
USA,2024,Ransomware,Retail,46.59,227390,Insider,"Weak Passwords","AI-based Detection",40,Slow,Medium,31.98,27.55,"Moderate Loss",Medium,2021-2024,"Moderately Effective"
France,2021,"SQL Injection",Banking,62.90,577763,Insider,Zero-day,"AI-based Detection",43,Slow,High,41.78,36.07,"Major Loss",High,2021-2024,"Moderately Effective"
Japan,2018,"SQL Injection",Healthcare,85.33,786644,Nation-state,"Unpatched Software",Antivirus,41,Slow,Critical,53.22,45.48,"Extreme Loss",High,2018-2020,"Moderately Effective"
China,2016,Malware,Healthcare,85.15,454802,Insider,"Unpatched Software",Antivirus,48,Slow,Critical,53.54,45.48,"Extreme Loss",Medium,2015-2017,"Moderately Effective"
China,2024,DDoS,Healthcare,53.53,371685,Unknown,"Social Engineering",VPN,34,Moderate,High,34.68,29.70,"Major Loss",Medium,2021-2024,"Moderately Effective"
India,2023,Ransomware,Retail,4.32,217534,Unknown,"Unpatched Software",VPN,48,Slow,Low,12.41,12.20,"Minor Loss",Medium,2021-2024,"Moderately Effective"
Australia,2024,Man-in-the-Middle,Telecommunications,31.68,376612,Nation-state,"Unpatched Software",VPN,27,Moderate,Medium,22.37,19.58,"Moderate Loss",Medium,2021-2024,"Moderately Effective"
UK,2020,Phishing,Banking,84.77,812206,"Hacker Group","Unpatched Software",Encryption,39,Slow,Critical,52.62,44.96,"Extreme Loss",Massive,2018-2020,"Moderately Effective"
Australia,2021,Man-in-the-Middle,Banking,82.87,255967,Unknown,"Social Engineering",VPN,23,Moderate,Critical,46.80,38.77,"Extreme Loss",Medium,2021-2024,"Highly Effective"
USA,2023,DDoS,Healthcare,5.32,463332,Unknown,"Weak Passwords",Encryption,16,Moderate,Low,7.25,7.18,"Minor Loss",Medium,2021-2024,"Highly Effective"
Australia,2023,DDoS,IT,31.48,771547,"Hacker Group",Zero-day,Antivirus,5,Fast,Medium,19.05,16.68,"Moderate Loss",High,2021-2024,"Highly Effective"
UK,2020,DDoS,Retail,86.00,809209,Unknown,"Social Engineering",Encryption,26,Moderate,Critical,50.63,42.84,"Extreme Loss",Massive,2018-2020,"Moderately Effective"
India,2024,DDoS,Retail,35.47,342575,Insider,"Social Engineering",Firewall,49,Slow,Medium,28.56,25.36,"Moderate Loss",Medium,2021-2024,"Needs Improvement"
Japan,2024,Phishing,Retail,94.75,478963,Insider,Zero-day,VPN,70,Slow,Critical,62.81,53.82,"Extreme Loss",Medium,2021-2024,"Needs Improvement"
USA,2017,"SQL Injection",Banking,39.59,910393,Unknown,"Weak Passwords",Antivirus,52,Slow,Medium,32.93,29.88,"Moderate Loss",Massive,2015-2017,"Needs Improvement"
Australia,2024,Phishing,Banking,70.52,601198,Insider,Zero-day,Encryption,41,Slow,High,45.26,38.81,"Major Loss",High,2021-2024,"Moderately Effective"
UK,2018,Ransomware,Government,6.60,152302,"Hacker Group","Social Engineering","AI-based Detection",26,Moderate,Low,8.96,8.45,"Minor Loss",Low,2018-2020,"Moderately Effective"
USA,2016,"SQL Injection",Healthcare,25.85,79102,Nation-state,Zero-day,"AI-based Detection",4,Fast,Medium,13.96,11.46,"Moderate Loss",Low,2015-2017,"Highly Effective"
India,2017,Ransomware,Retail,80.93,837506,Nation-state,Zero-day,Antivirus,8,Fast,Critical,44.58,37.32,"Extreme Loss",Massive,2015-2017,"Highly Effective"
Germany,2018,Malware,Banking,63.81,347441,"Hacker Group","Social Engineering",Firewall,58,Slow,High,44.55,38.51,"Major Loss",Medium,2018-2020,"Needs Improvement"
USA,2021,Ransomware,Telecommunications,3.63,231198,Insider,"Unpatched Software",Encryption,42,Slow,Low,10.91,10.78,"Minor Loss",Medium,2021-2024,"Moderately Effective"
Brazil,2016,DDoS,Government,80.09,555275,Unknown,"Social Engineering",Antivirus,71,Slow,Critical,55.91,48.46,"Extreme Loss",High,2015-2017,"Needs Improvement"
UK,2016,"SQL Injection",Retail,24.51,46699,Unknown,Zero-day,Antivirus,53,Slow,Low,23.00,20.59,"Minor Loss",Low,2015-2017,"Needs Improvement"
UK,2024,Man-in-the-Middle,IT,56.23,706469,Unknown,"Unpatched Software",Encryption,17,Moderate,High,33.63,28.72,"Major Loss",High,2021-2024,"Highly Effective"
China,2018,Ransomware,IT,43.73,311165,Unknown,"Social Engineering","AI-based Detection",34,Moderate,Medium,29.60,25.54,"Moderate Loss",Medium,2018-2020,"Moderately Effective"
France,2019,"SQL Injection",Government,85.13,304257,Nation-state,"Weak Passwords",Antivirus,20,Moderate,Critical,47.48,39.27,"Extreme Loss",Medium,2018-2020,"Highly Effective"
Brazil,2017,"SQL Injection",Telecommunications,24.05,446378,Insider,"Unpatched Software",Antivirus,59,Slow,Low,25.16,23.21,"Minor Loss",Medium,2015-2017,"Needs Improvement"
China,2021,Ransomware,Healthcare,32.72,994243,"Hacker Group","Social Engineering",Firewall,54,Slow,Medium,30.14,27.86,"Moderate Loss",Massive,2021-2024,"Needs Improvement"
UK,2015,Phishing,Healthcare,81.75,98634,Unknown,"Social Engineering",VPN,5,Fast,Critical,42.17,34.09,"Extreme Loss",Low,2015-2017,"Highly Effective"
USA,2018,Phishing,Telecommunications,42.46,93999,Nation-state,"Social Engineering",Encryption,65,Slow,Medium,34.51,30.36,"Moderate Loss",Low,2018-2020,"Needs Improvement"
France,2017,"SQL Injection",Education,14.54,171095,"Hacker Group",Zero-day,"AI-based Detection",63,Slow,Low,20.38,19.10,"Minor Loss",Low,2015-2017,"Needs Improvement"
USA,2015,Man-in-the-Middle,IT,38.92,820182,Nation-state,"Weak Passwords",Antivirus,16,Moderate,Medium,25.12,22.05,"Moderate Loss",Massive,2015-2017,"Highly Effective"
Germany,2018,"SQL Injection",Telecommunications,4.20,164890,Insider,"Weak Passwords",Encryption,61,Slow,Low,14.79,14.54,"Minor Loss",Low,2018-2020,"Needs Improvement"
China,2015,"SQL Injection",Telecommunications,75.91,605020,Insider,"Unpatched Software",Antivirus,43,Slow,Critical,48.37,41.38,"Major Loss",High,2015-2017,"Moderately Effective"
Australia,2024,Ransomware,Education,44.95,500747,Insider,"Unpatched Software","AI-based Detection",58,Slow,Medium,35.58,31.58,"Moderate Loss",High,2021-2024,"Needs Improvement"
Japan,2020,Man-in-the-Middle,IT,35.79,854904,Insider,"Weak Passwords",Firewall,12,Fast,Medium,22.86,20.14,"Moderate Loss",Massive,2018-2020,"Highly Effective"
China,2020,"SQL Injection",Healthcare,62.44,55719,Unknown,"Unpatched Software",Firewall,71,Slow,High,45.59,39.40,"Major Loss",Low,2018-2020,"Needs Improvement"
Brazil,2015,Phishing,Retail,19.93,355008,"Hacker Group","Unpatched Software",Antivirus,31,Moderate,Low,17.23,15.59,"Minor Loss",Medium,2015-2017,"Moderately Effective"
UK,2019,Phishing,IT,75.31,428615,Unknown,"Social Engineering","AI-based Detection",66,Slow,Critical,52.14,45.04,"Major Loss",Medium,2018-2020,"Needs Improvement"
Australia,2015,Phishing,Healthcare,76.40,108767,Nation-state,"Unpatched Software",VPN,48,Slow,Critical,48.13,40.60,"Major Loss",Low,2015-2017,"Moderately Effective"
India,2020,Man-in-the-Middle,IT,28.69,939469,Insider,"Unpatched Software",Encryption,45,Slow,Medium,26.16,24.23,"Moderate Loss",Massive,2018-2020,"Moderately Effective"
UK,2019,Man-in-the-Middle,Government,23.93,325827,Nation-state,Zero-day,Antivirus,39,Slow,Low,20.74,18.68,"Minor Loss",Medium,2018-2020,"Moderately Effective"
UK,2017,Man-in-the-Middle,Education,30.44,996762,"Hacker Group","Social Engineering","AI-based Detection",27,Moderate,Medium,23.61,21.56,"Moderate Loss",Massive,2015-2017,"Moderately Effective"
Japan,2017,Phishing,IT,5.14,319868,"Hacker Group","Unpatched Software",VPN,52,Slow,Low,13.93,13.74,"Minor Loss",Medium,2015-2017,"Needs Improvement"
Brazil,2018,Man-in-the-Middle,Banking,1.01,66191,"Hacker Group","Weak Passwords","AI-based Detection",71,Slow,Low,14.90,14.87,"Minor Loss",Low,2018-2020,"Needs Improvement"
India,2023,Ransomware,IT,18.53,925373,Insider,Zero-day,"AI-based Detection",4,Fast,Low,12.84,11.91,"Minor Loss",Massive,2021-2024,"Highly Effective"
India,2015,Malware,Telecommunications,1.52,913114,Insider,"Unpatched Software",VPN,15,Moderate,Low,6.50,7.26,"Minor Loss",Massive,2015-2017,"Highly Effective"
Australia,2019,DDoS,Healthcare,84.89,163975,Nation-state,"Unpatched Software",Firewall,22,Moderate,Critical,47.34,39.01,"Extreme Loss",Low,2018-2020,"Highly Effective"
USA,2016,DDoS,Education,66.73,876135,Insider,"Unpatched Software","AI-based Detection",67,Slow,High,49.39,43.60,"Major Loss",Massive,2015-2017,"Needs Improvement"
China,2024,Ransomware,Government,72.61,595380,"Hacker Group",Zero-day,VPN,10,Fast,High,40.09,33.43,"Major Loss",High,2021-2024,"Highly Effective"
France,2020,DDoS,Government,44.16,840796,Nation-state,"Weak Passwords","AI-based Detection",5,Fast,Medium,25.60,22.03,"Moderate Loss",Massive,2018-2020,"Highly Effective"
UK,2022,DDoS,Telecommunications,80.05,484908,Unknown,"Weak Passwords",Firewall,42,Slow,Critical,49.88,42.36,"Extreme Loss",Medium,2021-2024,"Moderately Effective"
Russia,2018,"SQL Injection",Telecommunications,13.69,146100,Unknown,"Social Engineering",Encryption,22,Moderate,Low,11.68,10.46,"Minor Loss",Low,2018-2020,"Highly Effective"
USA,2021,Phishing,IT,29.02,555756,Insider,Zero-day,"AI-based Detection",21,Moderate,Medium,20.38,18.03,"Moderate Loss",High,2021-2024,"Highly Effective"
India,2017,Ransomware,Retail,69.91,340928,Unknown,"Social Engineering",Antivirus,61,Slow,High,48.18,41.53,"Major Loss",Medium,2015-2017,"Needs Improvement"
UK,2016,Malware,Telecommunications,3.76,678640,Insider,Zero-day,Encryption,44,Slow,Low,12.72,13.02,"Minor Loss",High,2015-2017,"Moderately Effective"
Brazil,2020,Phishing,IT,57.43,212798,Insider,"Social Engineering",Antivirus,31,Moderate,High,35.55,30.02,"Major Loss",Medium,2018-2020,"Moderately Effective"
UK,2019,Ransomware,Retail,63.45,354024,Unknown,"Weak Passwords","AI-based Detection",33,Moderate,High,39.39,33.40,"Major Loss",Medium,2018-2020,"Moderately Effective"
UK,2016,Man-in-the-Middle,Government,41.34,189354,Insider,Zero-day,Firewall,39,Slow,Medium,29.04,25.09,"Moderate Loss",Low,2015-2017,"Moderately Effective"
Australia,2022,Phishing,Education,22.73,648363,Unknown,Zero-day,VPN,47,Slow,Low,22.71,21.09,"Minor Loss",High,2021-2024,"Moderately Effective"
Brazil,2017,DDoS,IT,5.88,231114,Insider,"Weak Passwords","AI-based Detection",37,Slow,Low,11.03,10.68,"Minor Loss",Medium,2015-2017,"Moderately Effective"
India,2017,Ransomware,Banking,9.81,489620,Unknown,"Unpatched Software",VPN,43,Slow,Low,14.97,14.48,"Minor Loss",Medium,2015-2017,"Moderately Effective"
USA,2015,DDoS,IT,94.14,854005,Unknown,Zero-day,"AI-based Detection",14,Moderate,Critical,52.43,43.87,"Extreme Loss",Massive,2015-2017,"Highly Effective"
Germany,2017,Ransomware,IT,33.24,550719,"Hacker Group",Zero-day,"AI-based Detection",60,Slow,Medium,30.27,27.50,"Moderate Loss",High,2015-2017,"Needs Improvement"
Germany,2019,Man-in-the-Middle,Government,75.37,445254,"Hacker Group","Unpatched Software",VPN,42,Slow,Critical,47.42,40.33,"Major Loss",Medium,2018-2020,"Moderately Effective"
Japan,2020,Phishing,Education,49.17,218097,Unknown,Zero-day,VPN,32,Moderate,Medium,31.64,26.94,"Moderate Loss",Medium,2018-2020,"Moderately Effective"
Germany,2017,Malware,Telecommunications,94.87,324790,Insider,Zero-day,VPN,42,Slow,Critical,56.81,47.65,"Extreme Loss",Medium,2015-2017,"Moderately Effective"
India,2023,"SQL Injection",Government,28.71,497965,Unknown,"Unpatched Software",VPN,25,Moderate,Medium,20.85,18.48,"Moderate Loss",Medium,2021-2024,"Moderately Effective"
Australia,2023,"SQL Injection",Education,42.50,933030,Insider,"Social Engineering",Antivirus,27,Moderate,Medium,29.45,26.13,"Moderate Loss",Massive,2021-2024,"Moderately Effective"
UK,2015,Man-in-the-Middle,IT,53.07,538338,Nation-state,Zero-day,VPN,1,Fast,High,28.35,23.58,"Major Loss",High,2015-2017,"Highly Effective"
France,2018,Phishing,Retail,99.78,860459,"Hacker Group","Social Engineering","AI-based Detection",11,Fast,Critical,54.67,45.55,"Extreme Loss",Massive,2018-2020,"Highly Effective"
UK,2024,DDoS,Healthcare,82.87,276634,Unknown,"Unpatched Software",Antivirus,38,Slow,Critical,49.86,41.85,"Extreme Loss",Medium,2021-2024,"Moderately Effective"
Germany,2018,Man-in-the-Middle,Banking,81.46,316299,Insider,"Social Engineering",Firewall,66,Slow,Critical,54.88,47.05,"Extreme Loss",Medium,2018-2020,"Needs Improvement"
Japan,2023,Ransomware,Healthcare,33.66,410385,Unknown,Zero-day,Encryption,71,Slow,Medium,32.26,29.31,"Moderate Loss",Medium,2021-2024,"Needs Improvement"
Japan,2024,DDoS,Healthcare,99.28,589898,Unknown,"Weak Passwords",VPN,59,Slow,Critical,63.21,53.87,"Extreme Loss",High,2021-2024,"Needs Improvement"
France,2016,Man-in-the-Middle,Retail,14.86,63760,"Hacker Group","Weak Passwords",VPN,8,Fast,Low,9.22,7.80,"Minor Loss",Low,2015-2017,"Highly Effective"
USA,2015,Ransomware,Banking,33.75,58037,Insider,"Social Engineering",VPN,13,Moderate,Medium,19.65,16.33,"Moderate Loss",Low,2015-2017,"Highly Effective"
UK,2017,"SQL Injection",Government,82.03,994787,Nation-state,"Unpatched Software",Encryption,56,Slow,Critical,55.20,47.99,"Extreme Loss",Massive,2015-2017,"Needs Improvement"
India,2016,Ransomware,Retail,9.53,89719,Unknown,Zero-day,Firewall,68,Slow,Low,18.63,17.77,"Minor Loss",Low,2015-2017,"Needs Improvement"
Germany,2023,"SQL Injection",Telecommunications,6.09,590760,Unknown,"Unpatched Software",Firewall,32,Moderate,Low,11.22,11.20,"Minor Loss",High,2021-2024,"Moderately Effective"
UK,2022,DDoS,IT,29.05,186700,Insider,"Weak Passwords",Antivirus,37,Slow,Medium,22.49,19.77,"Moderate Loss",Low,2021-2024,"Moderately Effective"
Japan,2019,"SQL Injection",Education,89.48,682430,"Hacker Group",Zero-day,VPN,5,Fast,Critical,47.79,39.52,"Extreme Loss",High,2018-2020,"Highly Effective"
Australia,2018,"SQL Injection",Education,75.20,60868,Insider,"Social Engineering",Antivirus,46,Slow,Critical,46.98,39.52,"Major Loss",Low,2018-2020,"Moderately Effective"
France,2016,"SQL Injection",Government,29.33,182916,Nation-state,"Unpatched Software",Antivirus,17,Moderate,Medium,18.61,15.86,"Moderate Loss",Low,2015-2017,"Highly Effective"
France,2023,DDoS,Education,65.96,181879,Insider,"Weak Passwords",Antivirus,64,Slow,High,46.33,39.91,"Major Loss",Low,2021-2024,"Needs Improvement"
Australia,2017,Phishing,Retail,95.20,715732,Unknown,"Weak Passwords",Antivirus,11,Fast,Critical,51.95,43.14,"Extreme Loss",High,2015-2017,"Highly Effective"
UK,2023,Malware,Banking,16.02,452477,"Hacker Group",Zero-day,Encryption,23,Moderate,Low,13.97,12.82,"Minor Loss",Medium,2021-2024,"Highly Effective"
India,2018,Ransomware,Banking,11.19,168881,Insider,"Social Engineering","AI-based Detection",5,Fast,Low,7.10,6.15,"Minor Loss",Low,2018-2020,"Highly Effective"
France,2017,"SQL Injection",Healthcare,27.42,94235,Insider,"Social Engineering",Antivirus,29,Moderate,Medium,19.79,17.14,"Moderate Loss",Low,2015-2017,"Moderately Effective"
Australia,2015,Ransomware,Telecommunications,17.38,75314,Unknown,"Unpatched Software",Encryption,6,Fast,Low,10.12,8.45,"Minor Loss",Low,2015-2017,"Highly Effective"
Russia,2019,Man-in-the-Middle,Retail,99.53,515797,Nation-state,"Social Engineering",Firewall,46,Slow,Critical,60.51,51.08,"Extreme Loss",High,2018-2020,"Moderately Effective"
Russia,2024,DDoS,Telecommunications,55.05,363906,Insider,"Weak Passwords",Antivirus,31,Moderate,High,34.82,29.68,"Major Loss",Medium,2021-2024,"Moderately Effective"
UK,2022,DDoS,Education,79.60,446296,Unknown,Zero-day,"AI-based Detection",4,Fast,Critical,41.94,34.43,"Major Loss",Medium,2021-2024,"Highly Effective"
Russia,2017,Ransomware,Telecommunications,65.18,329972,Nation-state,"Unpatched Software",Firewall,48,Slow,High,43.18,36.99,"Major Loss",Medium,2015-2017,"Moderately Effective"
China,2017,Ransomware,Education,25.73,639190,Insider,"Social Engineering",Encryption,33,Moderate,Medium,21.38,19.45,"Moderate Loss",High,2015-2017,"Moderately Effective"
USA,2022,Ransomware,Government,33.71,135105,Unknown,"Unpatched Software",VPN,48,Slow,Medium,26.86,23.62,"Moderate Loss",Low,2021-2024,"Moderately Effective"
China,2015,DDoS,Education,94.74,103079,Nation-state,"Social Engineering",Antivirus,57,Slow,Critical,59.08,49.71,"Extreme Loss",Low,2015-2017,"Needs Improvement"
France,2018,DDoS,IT,75.88,822364,Unknown,Zero-day,VPN,71,Slow,Critical,54.61,47.84,"Major Loss",Massive,2018-2020,"Needs Improvement"
India,2021,"SQL Injection",Government,75.25,597509,Nation-state,"Social Engineering",Firewall,20,Moderate,Critical,43.42,36.49,"Major Loss",High,2021-2024,"Highly Effective"
Brazil,2023,Man-in-the-Middle,Telecommunications,90.37,705678,"Hacker Group",Zero-day,Antivirus,57,Slow,Critical,58.70,50.37,"Extreme Loss",High,2021-2024,"Needs Improvement"
France,2020,Phishing,Retail,14.45,309967,Unknown,Zero-day,Firewall,26,Moderate,Low,13.35,12.22,"Minor Loss",Medium,2018-2020,"Moderately Effective"
France,2022,Ransomware,Banking,54.47,604250,Unknown,"Social Engineering","AI-based Detection",63,Slow,High,41.65,36.81,"Major Loss",High,2021-2024,"Needs Improvement"
India,2024,Ransomware,IT,33.66,131900,Unknown,"Unpatched Software",Antivirus,21,Moderate,Medium,21.43,18.19,"Moderate Loss",Low,2021-2024,"Highly Effective"
Australia,2022,Ransomware,Government,84.51,305494,Insider,"Social Engineering",Firewall,19,Moderate,Critical,46.97,38.83,"Extreme Loss",Medium,2021-2024,"Highly Effective"
Brazil,2023,Malware,Healthcare,61.56,907121,Unknown,"Social Engineering",VPN,33,Moderate,High,40.10,34.85,"Major Loss",Massive,2021-2024,"Moderately Effective"
India,2024,Phishing,Banking,23.32,879162,Unknown,Zero-day,VPN,38,Slow,Low,21.90,20.44,"Minor Loss",Massive,2021-2024,"Moderately Effective"
Brazil,2017,Man-in-the-Middle,Telecommunications,43.71,57237,Unknown,"Unpatched Software",Firewall,52,Slow,Medium,32.43,28.11,"Moderate Loss",Low,2015-2017,"Needs Improvement"
Australia,2016,Phishing,Telecommunications,2.84,880127,Insider,"Social Engineering",Antivirus,67,Slow,Low,17.46,18.06,"Minor Loss",Massive,2015-2017,"Needs Improvement"
China,2017,Phishing,IT,71.40,698847,Insider,Zero-day,"AI-based Detection",17,Moderate,High,41.20,34.76,"Major Loss",High,2015-2017,"Highly Effective"
India,2022,Man-in-the-Middle,Banking,90.87,928859,Unknown,"Unpatched Software",Firewall,32,Moderate,Critical,54.62,46.46,"Extreme Loss",Massive,2021-2024,"Moderately Effective"
India,2017,"SQL Injection",IT,78.94,858565,Unknown,"Weak Passwords",Encryption,29,Moderate,Critical,47.85,40.81,"Major Loss",Massive,2015-2017,"Moderately Effective"
China,2022,Malware,Telecommunications,34.33,571265,Unknown,"Unpatched Software",Firewall,17,Moderate,Medium,22.28,19.42,"Moderate Loss",High,2021-2024,"Highly Effective"
Russia,2015,DDoS,Banking,40.64,259321,Nation-state,"Social Engineering","AI-based Detection",62,Slow,Medium,33.50,29.69,"Moderate Loss",Medium,2015-2017,"Needs Improvement"
Brazil,2022,Man-in-the-Middle,Banking,59.43,121504,Insider,"Weak Passwords","AI-based Detection",32,Moderate,High,36.48,30.66,"Major Loss",Low,2021-2024,"Moderately Effective"
France,2018,DDoS,Banking,50.75,670630,Nation-state,Zero-day,Antivirus,4,Fast,High,28.19,23.78,"Major Loss",High,2018-2020,"Highly Effective"
China,2024,Ransomware,Banking,72.18,277175,Insider,"Social Engineering",Firewall,72,Slow,High,51.32,44.38,"Major Loss",Medium,2021-2024,"Needs Improvement"
USA,2016,Man-in-the-Middle,Retail,23.35,952463,Nation-state,"Unpatched Software",Antivirus,26,Moderate,Low,19.73,18.35,"Minor Loss",Massive,2015-2017,"Moderately Effective"
UK,2020,DDoS,Government,78.32,624619,Unknown,"Weak Passwords","AI-based Detection",67,Slow,Critical,54.43,47.23,"Major Loss",High,2018-2020,"Needs Improvement"
China,2018,Phishing,Healthcare,20.22,363934,Insider,"Weak Passwords",Firewall,24,Moderate,Low,16.00,14.34,"Minor Loss",Medium,2018-2020,"Highly Effective"
Japan,2017,"SQL Injection",IT,33.15,44750,Unknown,"Unpatched Software",Firewall,22,Moderate,Medium,21.11,17.84,"Moderate Loss",Low,2015-2017,"Highly Effective"
UK,2021,DDoS,Banking,8.82,736601,Nation-state,Zero-day,"AI-based Detection",26,Moderate,Low,11.82,11.67,"Minor Loss",High,2021-2024,"Moderately Effective"
Japan,2018,Ransomware,Education,43.32,42876,Unknown,"Unpatched Software",Antivirus,40,Slow,Medium,29.79,25.50,"Moderate Loss",Low,2018-2020,"Moderately Effective"
Australia,2018,DDoS,Healthcare,90.40,536357,Nation-state,"Weak Passwords",Encryption,55,Slow,Critical,57.81,49.31,"Extreme Loss",High,2018-2020,"Needs Improvement"
USA,2017,Phishing,Government,55.34,785099,Insider,"Social Engineering",Encryption,29,Moderate,High,35.83,31.08,"Major Loss",High,2015-2017,"Moderately Effective"
France,2019,DDoS,Healthcare,27.89,460544,Unknown,"Weak Passwords",Firewall,29,Moderate,Medium,21.13,18.80,"Moderate Loss",Medium,2018-2020,"Moderately Effective"
France,2020,Ransomware,Education,66.04,881755,Unknown,Zero-day,Firewall,10,Fast,High,37.67,31.94,"Major Loss",Massive,2018-2020,"Highly Effective"
India,2024,"SQL Injection",Telecommunications,10.24,213393,Unknown,"Social Engineering",Encryption,49,Slow,Low,15.56,14.75,"Minor Loss",Medium,2021-2024,"Needs Improvement"
UK,2017,Man-in-the-Middle,Telecommunications,43.82,213979,"Hacker Group","Unpatched Software",Firewall,10,Fast,Medium,24.55,20.38,"Moderate Loss",Medium,2015-2017,"Highly Effective"
UK,2021,Malware,Telecommunications,3.17,570243,Insider,"Unpatched Software",Antivirus,51,Slow,Low,13.50,13.75,"Minor Loss",High,2021-2024,"Needs Improvement"
Brazil,2016,Malware,Government,72.73,47624,Nation-state,"Weak Passwords",Firewall,70,Slow,High,50.51,43.28,"Major Loss",Low,2015-2017,"Needs Improvement"
China,2024,Man-in-the-Middle,Banking,16.09,72940,Nation-state,Zero-day,VPN,26,Moderate,Low,13.46,11.93,"Minor Loss",Low,2021-2024,"Moderately Effective"
Japan,2020,Malware,Telecommunications,98.14,710142,Insider,Zero-day,"AI-based Detection",56,Slow,Critical,62.40,53.30,"Extreme Loss",High,2018-2020,"Needs Improvement"
Japan,2023,Malware,Retail,51.91,360524,"Hacker Group","Unpatched Software",Firewall,47,Slow,High,36.44,31.61,"Major Loss",Medium,2021-2024,"Moderately Effective"
France,2017,Phishing,IT,55.90,309259,Insider,Zero-day,"AI-based Detection",3,Fast,High,29.48,24.20,"Major Loss",Medium,2015-2017,"Highly Effective"
UK,2024,Phishing,Government,30.68,393201,Nation-state,"Social Engineering",Firewall,3,Fast,Medium,17.12,14.44,"Moderate Loss",Medium,2021-2024,"Highly Effective"
Germany,2020,Ransomware,IT,65.20,306799,Unknown,Zero-day,Encryption,61,Slow,High,45.72,39.51,"Major Loss",Medium,2018-2020,"Needs Improvement"
Russia,2022,Malware,Healthcare,81.92,30180,Insider,"Weak Passwords","AI-based Detection",53,Slow,Critical,51.65,43.49,"Extreme Loss",Low,2021-2024,"Needs Improvement"
India,2017,Phishing,Retail,97.87,113745,Unknown,"Unpatched Software",Encryption,2,Fast,Critical,49.68,40.00,"Extreme Loss",Low,2015-2017,"Highly Effective"
Japan,2024,Ransomware,Banking,24.22,584428,Nation-state,"Weak Passwords",Firewall,34,Moderate,Low,20.66,18.83,"Minor Loss",High,2021-2024,"Moderately Effective"
France,2020,Ransomware,Healthcare,3.27,178268,Nation-state,"Unpatched Software",Antivirus,2,Fast,Low,2.57,2.42,"Minor Loss",Low,2018-2020,"Highly Effective"
China,2022,Phishing,Retail,33.69,338578,Unknown,"Social Engineering","AI-based Detection",38,Slow,Medium,25.46,22.43,"Moderate Loss",Medium,2021-2024,"Moderately Effective"
China,2024,DDoS,Healthcare,7.31,972407,"Hacker Group",Zero-day,Encryption,51,Slow,Low,16.77,17.01,"Minor Loss",Massive,2021-2024,"Needs Improvement"
Brazil,2022,Ransomware,Banking,15.66,817169,Insider,"Unpatched Software",Firewall,54,Slow,Low,21.08,20.33,"Minor Loss",Massive,2021-2024,"Needs Improvement"
Australia,2015,Malware,Healthcare,62.34,796100,"Hacker Group","Social Engineering","AI-based Detection",20,Moderate,High,37.56,32.12,"Major Loss",High,2015-2017,"Highly Effective"
UK,2016,Man-in-the-Middle,Banking,76.06,530253,Unknown,"Weak Passwords",Encryption,28,Moderate,Critical,45.22,38.15,"Major Loss",High,2015-2017,"Moderately Effective"
Australia,2024,Man-in-the-Middle,Government,50.36,165496,Nation-state,"Weak Passwords",Encryption,72,Slow,High,40.08,35.21,"Major Loss",Low,2021-2024,"Needs Improvement"
Russia,2021,Ransomware,Banking,34.92,501490,Insider,"Social Engineering",Firewall,44,Slow,Medium,27.76,24.77,"Moderate Loss",High,2021-2024,"Moderately Effective"
India,2016,Malware,Banking,11.81,392365,Insider,"Social Engineering",Antivirus,72,Slow,Low,21.48,20.69,"Minor Loss",Medium,2015-2017,"Needs Improvement"
China,2022,Malware,Education,96.72,194617,Insider,"Social Engineering",Antivirus,31,Moderate,Critical,55.14,45.67,"Extreme Loss",Low,2021-2024,"Moderately Effective"
Japan,2022,Man-in-the-Middle,Retail,44.34,516125,Unknown,Zero-day,Firewall,67,Slow,Medium,37.12,33.20,"Moderate Loss",High,2021-2024,"Needs Improvement"
Australia,2021,Man-in-the-Middle,Telecommunications,67.72,393335,"Hacker Group","Social Engineering",Antivirus,31,Moderate,High,41.24,34.86,"Major Loss",Medium,2021-2024,"Moderately Effective"
UK,2018,"SQL Injection",Government,34.09,197436,Unknown,Zero-day,Antivirus,10,Fast,Medium,19.64,16.43,"Moderate Loss",Low,2018-2020,"Highly Effective"
France,2022,DDoS,Education,31.51,452360,Nation-state,Zero-day,Antivirus,65,Slow,Medium,30.11,27.41,"Moderate Loss",Medium,2021-2024,"Needs Improvement"
Australia,2018,DDoS,Healthcare,20.39,913090,Unknown,Zero-day,VPN,2,Fast,Low,13.33,12.21,"Minor Loss",Massive,2018-2020,"Highly Effective"
Germany,2018,"SQL Injection",Telecommunications,38.65,368222,Insider,Zero-day,VPN,56,Slow,Medium,31.63,28.13,"Moderate Loss",Medium,2018-2020,"Needs Improvement"
India,2022,"SQL Injection",Healthcare,77.30,826937,Unknown,Zero-day,"AI-based Detection",64,Slow,Critical,53.93,47.03,"Major Loss",Massive,2021-2024,"Needs Improvement"
Brazil,2015,Ransomware,Retail,89.93,673959,"Hacker Group",Zero-day,Firewall,39,Slow,Critical,54.79,46.47,"Extreme Loss",High,2015-2017,"Moderately Effective"
UK,2022,Ransomware,Education,4.29,383246,Nation-state,"Unpatched Software",VPN,45,Slow,Low,12.29,12.25,"Minor Loss",Medium,2021-2024,"Moderately Effective"
UK,2019,Man-in-the-Middle,Banking,76.03,422890,Insider,"Social Engineering",VPN,4,Fast,Critical,40.08,32.90,"Major Loss",Medium,2018-2020,"Highly Effective"
Australia,2020,Malware,Banking,42.30,497035,"Hacker Group",Zero-day,"AI-based Detection",66,Slow,Medium,35.84,32.11,"Moderate Loss",Medium,2018-2020,"Needs Improvement"
Brazil,2023,Phishing,Government,72.57,720220,Unknown,"Weak Passwords",Firewall,71,Slow,High,52.65,46.11,"Major Loss",High,2021-2024,"Needs Improvement"
Russia,2019,Phishing,Government,93.70,808318,Nation-state,"Social Engineering",Antivirus,57,Slow,Critical,60.67,52.11,"Extreme Loss",Massive,2018-2020,"Needs Improvement"
Germany,2022,"SQL Injection",IT,68.63,294981,Unknown,Zero-day,"AI-based Detection",3,Fast,High,35.80,29.23,"Major Loss",Medium,2021-2024,"Highly Effective"
USA,2017,Phishing,Healthcare,52.70,281182,Nation-state,Zero-day,Encryption,27,Moderate,High,32.59,27.60,"Major Loss",Medium,2015-2017,"Moderately Effective"
Australia,2017,Ransomware,Education,66.56,95750,Nation-state,Zero-day,Antivirus,44,Slow,High,42.37,35.81,"Major Loss",Low,2015-2017,"Moderately Effective"
Brazil,2015,Ransomware,Retail,91.03,879260,"Hacker Group","Social Engineering",Antivirus,16,Moderate,Critical,51.35,43.13,"Extreme Loss",Massive,2015-2017,"Highly Effective"
Russia,2017,Man-in-the-Middle,IT,14.74,561615,"Hacker Group","Weak Passwords",Antivirus,29,Moderate,Low,14.85,13.94,"Minor Loss",High,2015-2017,"Moderately Effective"
Brazil,2016,"SQL Injection",Retail,40.29,206598,Unknown,Zero-day,Encryption,45,Slow,Medium,29.76,25.94,"Moderate Loss",Medium,2015-2017,"Moderately Effective"
Brazil,2017,Man-in-the-Middle,IT,56.83,171305,Unknown,"Unpatched Software",Firewall,54,Slow,High,39.73,34.22,"Major Loss",Low,2015-2017,"Needs Improvement"
Russia,2024,"SQL Injection",Government,63.45,492909,Unknown,Zero-day,"AI-based Detection",42,Slow,High,41.60,35.75,"Major Loss",Medium,2021-2024,"Moderately Effective"
UK,2021,Man-in-the-Middle,IT,72.57,477493,"Hacker Group","Unpatched Software",Encryption,16,Moderate,High,40.92,34.14,"Major Loss",Medium,2021-2024,"Highly Effective"
Japan,2021,Phishing,Government,22.94,622723,Nation-state,"Weak Passwords","AI-based Detection",67,Slow,Low,26.74,25.07,"Minor Loss",High,2021-2024,"Needs Improvement"
Australia,2016,Malware,Healthcare,80.22,124155,Nation-state,"Weak Passwords",Encryption,40,Slow,Critical,48.48,40.58,"Extreme Loss",Low,2015-2017,"Moderately Effective"
China,2024,Malware,Retail,34.49,897277,Unknown,Zero-day,VPN,55,Slow,Medium,30.94,28.39,"Moderate Loss",Massive,2021-2024,"Needs Improvement"
USA,2017,"SQL Injection",Healthcare,51.26,28682,"Hacker Group",Zero-day,VPN,44,Slow,High,34.52,29.42,"Major Loss",Low,2015-2017,"Moderately Effective"
Japan,2020,Phishing,Banking,73.04,512431,Nation-state,"Unpatched Software",VPN,44,Slow,High,46.86,40.07,"Major Loss",High,2018-2020,"Moderately Effective"
Australia,2018,"SQL Injection",IT,19.14,171977,Unknown,Zero-day,Antivirus,44,Slow,Low,18.89,17.14,"Minor Loss",Low,2018-2020,"Moderately Effective"
UK,2015,"SQL Injection",Telecommunications,38.72,943070,"Hacker Group",Zero-day,VPN,36,Moderate,Medium,29.39,26.46,"Moderate Loss",Massive,2015-2017,"Moderately Effective"
Japan,2021,DDoS,Education,14.88,887855,Nation-state,Zero-day,"AI-based Detection",7,Fast,Low,11.50,10.90,"Minor Loss",Massive,2021-2024,"Highly Effective"
USA,2018,Ransomware,Retail,54.05,535110,Nation-state,Zero-day,Antivirus,2,Fast,High,29.03,24.16,"Major Loss",High,2018-2020,"Highly Effective"
USA,2021,Man-in-the-Middle,Telecommunications,42.29,817386,Nation-state,Zero-day,Firewall,8,Fast,Medium,25.20,21.79,"Moderate Loss",Massive,2021-2024,"Highly Effective"
India,2018,Phishing,Banking,96.59,206552,Nation-state,"Weak Passwords",Encryption,13,Moderate,Critical,51.51,42.06,"Extreme Loss",Medium,2018-2020,"Highly Effective"
Brazil,2020,Man-in-the-Middle,Education,71.35,154966,"Hacker Group",Zero-day,Antivirus,19,Moderate,High,39.94,32.96,"Major Loss",Low,2018-2020,"Highly Effective"
France,2016,Phishing,Banking,54.50,511287,Unknown,"Unpatched Software",Antivirus,34,Moderate,High,35.58,30.65,"Major Loss",High,2015-2017,"Moderately Effective"
Germany,2023,"SQL Injection",Banking,94.48,426499,Unknown,"Unpatched Software",VPN,37,Slow,Critical,55.92,46.90,"Extreme Loss",Medium,2021-2024,"Moderately Effective"
UK,2016,Man-in-the-Middle,Telecommunications,73.63,15907,"Hacker Group","Social Engineering",Antivirus,36,Moderate,High,44.06,36.72,"Major Loss",Low,2015-2017,"Moderately Effective"
UK,2022,Phishing,Education,36.15,375734,Nation-state,"Weak Passwords","AI-based Detection",31,Moderate,Medium,25.40,22.16,"Moderate Loss",Medium,2021-2024,"Moderately Effective"
Brazil,2023,Malware,Government,19.18,993826,Unknown,Zero-day,Firewall,7,Fast,Low,13.97,13.05,"Minor Loss",Massive,2021-2024,"Highly Effective"
India,2023,Ransomware,Banking,83.18,397813,Nation-state,"Social Engineering",Antivirus,12,Fast,Critical,45.18,37.26,"Extreme Loss",Medium,2021-2024,"Highly Effective"
France,2024,Ransomware,Banking,70.98,185001,Insider,Zero-day,VPN,3,Fast,High,36.65,29.73,"Major Loss",Low,2021-2024,"Highly Effective"
Japan,2024,DDoS,IT,7.99,805548,Insider,"Unpatched Software",Antivirus,10,Fast,Low,8.41,8.42,"Minor Loss",Massive,2021-2024,"Highly Effective"
Brazil,2015,"SQL Injection",Retail,74.74,562552,Nation-state,"Unpatched Software",Encryption,37,Slow,High,46.46,39.55,"Major Loss",High,2015-2017,"Moderately Effective"
Brazil,2018,Malware,Education,33.12,724513,Nation-state,Zero-day,VPN,46,Slow,Medium,27.93,25.35,"Moderate Loss",High,2018-2020,"Moderately Effective"
UK,2024,"SQL Injection",Telecommunications,54.10,715395,Unknown,"Social Engineering",VPN,60,Slow,High,41.20,36.50,"Major Loss",High,2021-2024,"Needs Improvement"
France,2020,Ransomware,Telecommunications,75.13,177097,Unknown,"Unpatched Software",Encryption,15,Moderate,Critical,41.10,33.76,"Major Loss",Low,2018-2020,"Highly Effective"
Australia,2020,Man-in-the-Middle,Banking,56.34,407084,Unknown,"Unpatched Software",Firewall,11,Fast,High,31.59,26.36,"Major Loss",Medium,2018-2020,"Highly Effective"
UK,2023,Phishing,Healthcare,23.66,889641,"Hacker Group","Social Engineering","AI-based Detection",50,Slow,Low,24.50,23.02,"Minor Loss",Massive,2021-2024,"Needs Improvement"
USA,2019,"SQL Injection",IT,17.81,378105,Unknown,"Weak Passwords",Encryption,4,Fast,Low,10.84,9.44,"Minor Loss",Medium,2018-2020,"Highly Effective"
Germany,2020,"SQL Injection",Education,43.96,597987,"Hacker Group","Weak Passwords",Encryption,50,Slow,Medium,33.77,29.98,"Moderate Loss",High,2018-2020,"Needs Improvement"
USA,2018,Malware,Education,77.07,10600,Insider,"Social Engineering",Firewall,47,Slow,Critical,47.97,40.27,"Major Loss",Low,2018-2020,"Moderately Effective"
France,2016,"SQL Injection",Healthcare,10.82,586784,"Hacker Group","Weak Passwords",Encryption,26,Moderate,Low,12.37,11.88,"Minor Loss",High,2015-2017,"Moderately Effective"
India,2023,"SQL Injection",Banking,48.53,421083,Insider,"Unpatched Software","AI-based Detection",28,Moderate,Medium,31.13,26.70,"Moderate Loss",Medium,2021-2024,"Moderately Effective"
Australia,2023,Ransomware,Education,94.86,127127,Unknown,"Social Engineering",Encryption,47,Slow,Critical,57.21,47.85,"Extreme Loss",Low,2021-2024,"Moderately Effective"
China,2016,Malware,Government,15.92,668188,Insider,"Unpatched Software","AI-based Detection",38,Slow,Low,17.56,16.64,"Minor Loss",High,2015-2017,"Moderately Effective"
Japan,2018,"SQL Injection",Education,11.28,433618,"Hacker Group","Social Engineering",Antivirus,59,Slow,Low,18.74,18.05,"Minor Loss",Medium,2018-2020,"Needs Improvement"
Germany,2023,Malware,Telecommunications,3.86,51176,Unknown,"Social Engineering",Encryption,61,Slow,Low,14.28,13.95,"Minor Loss",Low,2021-2024,"Needs Improvement"
Germany,2016,"SQL Injection",IT,34.35,918452,Unknown,"Weak Passwords","AI-based Detection",16,Moderate,Medium,23.13,20.61,"Moderate Loss",Massive,2015-2017,"Highly Effective"
Germany,2023,Ransomware,Healthcare,84.92,152814,Nation-state,"Social Engineering","AI-based Detection",33,Moderate,Critical,49.52,41.18,"Extreme Loss",Low,2021-2024,"Moderately Effective"
USA,2017,Man-in-the-Middle,Retail,74.57,502149,"Hacker Group","Weak Passwords","AI-based Detection",29,Moderate,High,44.59,37.64,"Major Loss",High,2015-2017,"Moderately Effective"
USA,2019,Ransomware,Healthcare,89.81,46960,Nation-state,Zero-day,"AI-based Detection",16,Moderate,Critical,48.25,39.31,"Extreme Loss",Low,2018-2020,"Highly Effective"
Brazil,2017,"SQL Injection",Government,40.66,651335,Insider,"Weak Passwords",Encryption,21,Moderate,Medium,26.48,23.07,"Moderate Loss",High,2015-2017,"Highly Effective"
Brazil,2018,DDoS,Telecommunications,69.83,587034,"Hacker Group","Weak Passwords","AI-based Detection",35,Moderate,High,43.68,37.28,"Major Loss",High,2018-2020,"Moderately Effective"
France,2015,Man-in-the-Middle,Healthcare,79.58,856278,"Hacker Group",Zero-day,Firewall,71,Slow,Critical,56.56,49.46,"Major Loss",Massive,2015-2017,"Needs Improvement"
China,2022,DDoS,Banking,79.07,880586,"Hacker Group","Unpatched Software",VPN,56,Slow,Critical,53.38,46.35,"Major Loss",Massive,2021-2024,"Needs Improvement"
USA,2019,DDoS,Government,81.56,78873,"Hacker Group","Weak Passwords",Encryption,27,Moderate,Critical,46.42,38.34,"Extreme Loss",Low,2018-2020,"Moderately Effective"
Australia,2017,DDoS,Banking,62.81,810106,"Hacker Group","Weak Passwords",Encryption,66,Slow,High,47.04,41.56,"Major Loss",Massive,2015-2017,"Needs Improvement"
Germany,2021,DDoS,Government,28.71,937384,"Hacker Group","Unpatched Software",Encryption,67,Slow,Medium,30.57,28.63,"Moderate Loss",Massive,2021-2024,"Needs Improvement"
Japan,2023,Man-in-the-Middle,Retail,36.68,231307,Unknown,Zero-day,Encryption,4,Fast,Medium,19.83,16.40,"Moderate Loss",Medium,2021-2024,"Highly Effective"
China,2016,DDoS,IT,71.75,816710,"Hacker Group","Weak Passwords",VPN,60,Slow,High,50.33,43.97,"Major Loss",Massive,2015-2017,"Needs Improvement"
USA,2019,Man-in-the-Middle,Telecommunications,17.21,896828,Unknown,"Weak Passwords",Firewall,33,Moderate,Low,17.90,17.07,"Minor Loss",Massive,2018-2020,"Moderately Effective"
UK,2016,DDoS,Telecommunications,48.47,937466,"Hacker Group","Social Engineering","AI-based Detection",28,Moderate,Medium,32.65,28.74,"Moderate Loss",Massive,2015-2017,"Moderately Effective"
China,2020,DDoS,Banking,11.72,81518,Nation-state,"Social Engineering",VPN,47,Slow,Low,15.50,14.41,"Minor Loss",Low,2018-2020,"Moderately Effective"
Brazil,2015,Malware,IT,1.35,371048,"Hacker Group",Zero-day,VPN,56,Slow,Low,12.99,13.22,"Minor Loss",Medium,2015-2017,"Needs Improvement"
USA,2019,Phishing,IT,20.13,25946,"Hacker Group","Weak Passwords","AI-based Detection",68,Slow,Low,23.74,21.76,"Minor Loss",Low,2018-2020,"Needs Improvement"
France,2017,Man-in-the-Middle,Education,14.99,942088,Insider,Zero-day,"AI-based Detection",46,Slow,Low,19.52,18.96,"Minor Loss",Massive,2015-2017,"Moderately Effective"
Japan,2015,Malware,Telecommunications,28.80,915532,Insider,Zero-day,Encryption,68,Slow,Medium,30.75,28.78,"Moderate Loss",Massive,2015-2017,"Needs Improvement"
USA,2018,"SQL Injection",Government,99.49,755576,Insider,"Weak Passwords","AI-based Detection",23,Moderate,Critical,56.61,47.42,"Extreme Loss",High,2018-2020,"Highly Effective"
Brazil,2018,Malware,Education,6.30,661644,Insider,"Social Engineering","AI-based Detection",29,Moderate,Low,10.93,10.97,"Minor Loss",High,2018-2020,"Moderately Effective"
UK,2019,DDoS,Telecommunications,95.75,168951,Insider,"Social Engineering",VPN,13,Moderate,Critical,50.98,41.58,"Extreme Loss",Low,2018-2020,"Highly Effective"
Russia,2022,Man-in-the-Middle,IT,49.87,816398,Insider,"Social Engineering",Encryption,39,Slow,Medium,35.18,31.01,"Moderate Loss",Massive,2021-2024,"Moderately Effective"
India,2017,DDoS,Education,83.49,79933,"Hacker Group",Zero-day,"AI-based Detection",23,Moderate,Critical,46.58,38.32,"Extreme Loss",Low,2015-2017,"Highly Effective"
USA,2019,Malware,Government,83.84,506149,Nation-state,"Social Engineering",Encryption,35,Moderate,Critical,50.44,42.56,"Extreme Loss",High,2018-2020,"Moderately Effective"
Japan,2021,Phishing,Retail,81.26,245015,Nation-state,Zero-day,Firewall,41,Slow,Critical,49.57,41.68,"Extreme Loss",Medium,2021-2024,"Moderately Effective"
Japan,2017,"SQL Injection",Banking,66.81,966993,"Hacker Group","Social Engineering",VPN,64,Slow,High,49.11,43.39,"Major Loss",Massive,2015-2017,"Needs Improvement"
Australia,2016,Malware,Education,88.87,235062,Nation-state,"Weak Passwords",Firewall,32,Moderate,Critical,51.54,42.89,"Extreme Loss",Medium,2015-2017,"Moderately Effective"
Brazil,2022,Phishing,Healthcare,75.08,132520,Unknown,Zero-day,Antivirus,56,Slow,Critical,49.14,41.76,"Major Loss",Low,2021-2024,"Needs Improvement"
Germany,2016,"SQL Injection",Retail,56.57,869605,Unknown,"Social Engineering",VPN,51,Slow,High,41.09,36.31,"Major Loss",Massive,2015-2017,"Needs Improvement"
USA,2017,Phishing,Banking,96.27,637264,"Hacker Group","Unpatched Software","AI-based Detection",11,Fast,Critical,52.25,43.26,"Extreme Loss",High,2015-2017,"Highly Effective"
Russia,2021,DDoS,Banking,45.60,759356,Insider,"Social Engineering",VPN,1,Fast,Medium,25.28,21.48,"Moderate Loss",High,2021-2024,"Highly Effective"
Brazil,2021,DDoS,Education,69.37,666096,"Hacker Group",Zero-day,Encryption,9,Fast,High,38.48,32.21,"Major Loss",High,2021-2024,"Highly Effective"
India,2021,"SQL Injection",Telecommunications,68.91,851981,Nation-state,Zero-day,"AI-based Detection",57,Slow,High,48.41,42.37,"Major Loss",Massive,2021-2024,"Needs Improvement"
Australia,2024,Phishing,Banking,14.97,214740,Nation-state,"Unpatched Software",Encryption,57,Slow,Low,19.53,18.25,"Minor Loss",Medium,2021-2024,"Needs Improvement"
Brazil,2016,Phishing,Government,35.94,372653,"Hacker Group","Weak Passwords",VPN,60,Slow,Medium,31.09,27.87,"Moderate Loss",Medium,2015-2017,"Needs Improvement"
India,2024,Phishing,Banking,64.23,903871,Nation-state,"Unpatched Software",Encryption,17,Moderate,High,38.23,32.71,"Major Loss",Massive,2021-2024,"Highly Effective"
India,2015,Malware,Education,64.29,924049,Nation-state,"Social Engineering",VPN,5,Fast,High,35.92,30.41,"Major Loss",Massive,2015-2017,"Highly Effective"
Australia,2020,Malware,Government,98.05,193983,Nation-state,Zero-day,Antivirus,31,Moderate,Critical,55.81,46.20,"Extreme Loss",Low,2018-2020,"Moderately Effective"
Russia,2021,Ransomware,Telecommunications,11.04,904330,Nation-state,"Weak Passwords",VPN,49,Slow,Low,18.03,17.83,"Minor Loss",Massive,2021-2024,"Needs Improvement"
India,2018,"SQL Injection",Education,52.05,874254,Nation-state,Zero-day,Antivirus,11,Fast,High,30.85,26.52,"Major Loss",Massive,2018-2020,"Highly Effective"
Germany,2020,Man-in-the-Middle,Healthcare,28.81,691190,Nation-state,"Unpatched Software",Firewall,27,Moderate,Medium,21.88,19.69,"Moderate Loss",High,2018-2020,"Moderately Effective"
China,2024,DDoS,IT,61.42,412245,Nation-state,"Social Engineering",Encryption,48,Slow,High,41.55,35.82,"Major Loss",Medium,2021-2024,"Moderately Effective"
France,2021,Man-in-the-Middle,Healthcare,53.77,302180,Insider,"Weak Passwords","AI-based Detection",11,Fast,High,29.99,24.92,"Major Loss",Medium,2021-2024,"Highly Effective"
USA,2016,Ransomware,Government,8.21,537592,Nation-state,"Social Engineering",Antivirus,11,Fast,Low,7.92,7.63,"Minor Loss",High,2015-2017,"Highly Effective"
Brazil,2022,"SQL Injection",Retail,25.85,632061,Nation-state,Zero-day,Antivirus,2,Fast,Medium,15.22,13.27,"Moderate Loss",High,2021-2024,"Highly Effective"
Brazil,2015,DDoS,Retail,67.52,224815,Nation-state,"Social Engineering",Firewall,32,Moderate,High,40.83,34.31,"Major Loss",Medium,2015-2017,"Moderately Effective"
India,2022,DDoS,IT,23.91,169310,Unknown,"Weak Passwords",Encryption,36,Moderate,Low,19.66,17.44,"Minor Loss",Low,2021-2024,"Moderately Effective"
Japan,2023,Man-in-the-Middle,Telecommunications,86.98,635827,Nation-state,"Social Engineering",Encryption,72,Slow,Critical,59.80,51.74,"Extreme Loss",High,2021-2024,"Needs Improvement"
UK,2022,Ransomware,IT,63.67,560021,Unknown,Zero-day,Encryption,43,Slow,High,42.12,36.31,"Major Loss",High,2021-2024,"Moderately Effective"
Japan,2021,Man-in-the-Middle,Government,61.03,768506,Nation-state,Zero-day,"AI-based Detection",11,Fast,High,35.02,29.69,"Major Loss",High,2021-2024,"Highly Effective"
Australia,2018,Phishing,Healthcare,39.94,755469,"Hacker Group","Social Engineering",Antivirus,58,Slow,Medium,33.84,30.60,"Moderate Loss",High,2018-2020,"Needs Improvement"
India,2022,Ransomware,Retail,74.05,205336,"Hacker Group","Social Engineering","AI-based Detection",2,Fast,High,38.04,30.84,"Major Loss",Medium,2021-2024,"Highly Effective"
France,2020,DDoS,IT,7.52,957779,Nation-state,"Social Engineering",Encryption,17,Moderate,Low,10.03,10.24,"Minor Loss",Massive,2018-2020,"Highly Effective"
UK,2017,Malware,Education,29.47,85644,"Hacker Group","Social Engineering","AI-based Detection",3,Fast,Medium,15.59,12.73,"Moderate Loss",Low,2015-2017,"Highly Effective"
France,2019,Man-in-the-Middle,Telecommunications,75.99,561713,Insider,"Unpatched Software",Firewall,31,Moderate,Critical,45.88,38.84,"Major Loss",High,2018-2020,"Moderately Effective"
Germany,2017,Phishing,Healthcare,53.57,287762,Insider,"Weak Passwords",Encryption,13,Moderate,High,30.25,25.18,"Major Loss",Medium,2015-2017,"Highly Effective"
India,2015,Phishing,Healthcare,76.08,471550,Unknown,Zero-day,VPN,5,Fast,Critical,40.45,33.32,"Major Loss",Medium,2015-2017,"Highly Effective"
Japan,2018,"SQL Injection",IT,69.19,33209,Insider,"Unpatched Software","AI-based Detection",66,Slow,High,47.89,41.01,"Major Loss",Low,2018-2020,"Needs Improvement"
China,2017,Phishing,Retail,45.83,395251,Unknown,"Unpatched Software",Encryption,33,Moderate,Medium,30.70,26.51,"Moderate Loss",Medium,2015-2017,"Moderately Effective"
Germany,2019,DDoS,IT,14.77,491791,"Hacker Group",Zero-day,Encryption,66,Slow,Low,22.06,21.08,"Minor Loss",Medium,2018-2020,"Needs Improvement"
Australia,2016,Phishing,Healthcare,53.81,279874,"Hacker Group","Unpatched Software","AI-based Detection",66,Slow,High,40.94,35.84,"Major Loss",Medium,2015-2017,"Needs Improvement"
France,2019,Malware,IT,71.94,881326,Insider,"Unpatched Software",Firewall,43,Slow,High,47.21,40.90,"Major Loss",Massive,2018-2020,"Moderately Effective"
UK,2023,DDoS,IT,68.86,749700,Nation-state,Zero-day,"AI-based Detection",35,Moderate,High,43.68,37.54,"Major Loss",High,2021-2024,"Moderately Effective"
UK,2022,Phishing,Government,97.56,722445,Nation-state,"Weak Passwords",Firewall,10,Fast,Critical,52.95,43.91,"Extreme Loss",High,2021-2024,"Highly Effective"
USA,2023,Ransomware,Government,84.13,695841,Nation-state,Zero-day,"AI-based Detection",21,Moderate,Critical,48.35,40.64,"Extreme Loss",High,2021-2024,"Highly Effective"
USA,2020,"SQL Injection",Government,40.95,803757,"Hacker Group","Social Engineering",Firewall,33,Moderate,Medium,29.49,26.20,"Moderate Loss",Massive,2018-2020,"Moderately Effective"
Japan,2022,DDoS,IT,20.16,174510,Insider,Zero-day,"AI-based Detection",60,Slow,Low,22.60,20.76,"Minor Loss",Low,2021-2024,"Needs Improvement"
Germany,2022,"SQL Injection",Retail,11.51,857660,"Hacker Group",Zero-day,VPN,37,Slow,Low,15.73,15.43,"Minor Loss",Massive,2021-2024,"Moderately Effective"
UK,2020,"SQL Injection",Banking,47.67,729265,Unknown,Zero-day,Firewall,42,Slow,Medium,34.42,30.39,"Moderate Loss",High,2018-2020,"Moderately Effective"
India,2023,Phishing,Retail,38.89,836604,"Hacker Group","Unpatched Software","AI-based Detection",44,Slow,Medium,30.75,27.70,"Moderate Loss",Massive,2021-2024,"Moderately Effective"
China,2016,Malware,Government,91.69,885843,Insider,"Unpatched Software","AI-based Detection",46,Slow,Critical,57.70,49.42,"Extreme Loss",Massive,2015-2017,"Moderately Effective"
France,2015,Man-in-the-Middle,Education,17.94,808798,Unknown,"Social Engineering",Encryption,60,Slow,Low,23.40,22.41,"Minor Loss",Massive,2015-2017,"Needs Improvement"
Russia,2018,Man-in-the-Middle,Telecommunications,30.50,401208,"Hacker Group","Unpatched Software",VPN,10,Fast,Medium,18.45,15.80,"Moderate Loss",Medium,2018-2020,"Highly Effective"
Japan,2021,Ransomware,Healthcare,77.33,380970,Nation-state,"Weak Passwords",Encryption,44,Slow,Critical,48.61,41.26,"Major Loss",Medium,2021-2024,"Moderately Effective"
USA,2021,Phishing,Healthcare,70.03,248437,"Hacker Group","Social Engineering",Encryption,70,Slow,High,49.76,43.01,"Major Loss",Medium,2021-2024,"Needs Improvement"
Australia,2024,"SQL Injection",Retail,66.49,709125,"Hacker Group","Weak Passwords","AI-based Detection",37,Slow,High,42.77,36.83,"Major Loss",High,2021-2024,"Moderately Effective"
Japan,2018,Malware,Education,5.33,656250,"Hacker Group","Social Engineering",Firewall,67,Slow,Low,18.03,18.16,"Minor Loss",High,2018-2020,"Needs Improvement"
India,2020,Ransomware,Healthcare,10.46,32616,Unknown,"Unpatched Software",Firewall,63,Slow,Low,17.93,16.91,"Minor Loss",Low,2018-2020,"Needs Improvement"
Australia,2017,Phishing,Healthcare,39.30,290846,Unknown,"Weak Passwords",Firewall,3,Fast,Medium,21.12,17.48,"Moderate Loss",Medium,2015-2017,"Highly Effective"
India,2023,DDoS,Banking,23.83,557428,Insider,"Unpatched Software",VPN,38,Slow,Low,21.19,19.36,"Minor Loss",High,2021-2024,"Moderately Effective"
Japan,2015,DDoS,Banking,59.13,182440,Insider,Zero-day,Firewall,8,Fast,High,31.71,25.98,"Major Loss",Low,2015-2017,"Highly Effective"
Australia,2021,DDoS,Government,30.24,292383,Insider,"Social Engineering",Encryption,71,Slow,Medium,30.20,27.47,"Moderate Loss",Medium,2021-2024,"Needs Improvement"
France,2017,DDoS,Government,86.82,99728,Nation-state,"Unpatched Software",VPN,44,Slow,Critical,52.51,43.93,"Extreme Loss",Low,2015-2017,"Moderately Effective"
USA,2015,DDoS,IT,66.39,365006,Insider,"Weak Passwords",VPN,47,Slow,High,43.69,37.42,"Major Loss",Medium,2015-2017,"Moderately Effective"
Russia,2019,Ransomware,Telecommunications,61.11,605427,Nation-state,Zero-day,Encryption,33,Moderate,High,38.97,33.47,"Major Loss",High,2018-2020,"Moderately Effective"
USA,2022,Malware,Retail,7.65,864358,"Hacker Group","Unpatched Software",VPN,11,Fast,Low,8.62,8.72,"Minor Loss",Massive,2021-2024,"Highly Effective"
USA,2016,Ransomware,Retail,9.82,610968,Unknown,"Unpatched Software",Antivirus,26,Moderate,Low,11.94,11.57,"Minor Loss",High,2015-2017,"Moderately Effective"
China,2016,DDoS,IT,67.28,413150,"Hacker Group","Social Engineering",Firewall,27,Moderate,High,40.28,33.96,"Major Loss",Medium,2015-2017,"Moderately Effective"
USA,2017,Malware,Education,13.14,681956,Nation-state,"Social Engineering",Antivirus,35,Moderate,Low,15.62,14.98,"Minor Loss",High,2015-2017,"Moderately Effective"
Australia,2016,Man-in-the-Middle,IT,84.46,94162,Unknown,"Weak Passwords",Firewall,15,Moderate,Critical,45.51,37.16,"Extreme Loss",Low,2015-2017,"Highly Effective"
France,2023,Man-in-the-Middle,Retail,9.43,565002,"Hacker Group","Unpatched Software",Firewall,72,Slow,Low,20.81,20.43,"Minor Loss",High,2021-2024,"Needs Improvement"
France,2017,Phishing,Retail,90.69,275185,Nation-state,Zero-day,Encryption,20,Moderate,Critical,50.17,41.38,"Extreme Loss",Medium,2015-2017,"Highly Effective"
Russia,2021,DDoS,Retail,37.47,476758,"Hacker Group","Unpatched Software","AI-based Detection",19,Moderate,Medium,23.97,20.70,"Moderate Loss",Medium,2021-2024,"Highly Effective"
USA,2024,"SQL Injection",Banking,7.20,312607,"Hacker Group","Weak Passwords",Antivirus,24,Moderate,Low,9.34,8.93,"Minor Loss",Medium,2021-2024,"Highly Effective"
Russia,2017,Phishing,Banking,94.15,963192,"Hacker Group","Weak Passwords",VPN,7,Fast,Critical,51.36,42.91,"Extreme Loss",Massive,2015-2017,"Highly Effective"
Australia,2015,Malware,Healthcare,42.15,680874,Unknown,Zero-day,Antivirus,8,Fast,Medium,24.72,21.18,"Moderate Loss",High,2015-2017,"Highly Effective"
France,2018,DDoS,Government,15.71,904770,"Hacker Group","Social Engineering",Antivirus,4,Fast,Low,11.37,10.70,"Minor Loss",Massive,2018-2020,"Highly Effective"
USA,2022,"SQL Injection",Government,98.46,429452,"Hacker Group","Weak Passwords",Antivirus,6,Fast,Critical,51.72,42.30,"Extreme Loss",Medium,2021-2024,"Highly Effective"
USA,2018,Ransomware,Healthcare,51.71,858128,"Hacker Group","Social Engineering",Antivirus,35,Moderate,High,35.43,31.12,"Major Loss",Massive,2018-2020,"Moderately Effective"
China,2021,Malware,Education,42.26,615849,Nation-state,"Unpatched Software",Encryption,44,Slow,Medium,31.78,28.17,"Moderate Loss",High,2021-2024,"Moderately Effective"
UK,2019,Phishing,Education,99.45,467349,Nation-state,Zero-day,Firewall,44,Slow,Critical,59.93,50.45,"Extreme Loss",Medium,2018-2020,"Moderately Effective"
France,2021,"SQL Injection",Retail,63.74,235418,Nation-state,"Weak Passwords",Encryption,28,Moderate,High,38.18,32.04,"Major Loss",Medium,2021-2024,"Moderately Effective"
Australia,2017,"SQL Injection",IT,5.05,823606,Insider,"Weak Passwords",Encryption,25,Moderate,Low,10.00,10.31,"Minor Loss",Massive,2015-2017,"Moderately Effective"
China,2020,"SQL Injection",IT,89.38,923489,Nation-state,"Unpatched Software",Firewall,66,Slow,Critical,60.66,52.65,"Extreme Loss",Massive,2018-2020,"Needs Improvement"
USA,2024,Phishing,IT,58.57,630793,"Hacker Group","Social Engineering","AI-based Detection",64,Slow,High,43.98,38.75,"Major Loss",High,2021-2024,"Needs Improvement"
France,2015,"SQL Injection",Education,65.83,691903,Unknown,Zero-day,VPN,54,Slow,High,45.79,39.90,"Major Loss",High,2015-2017,"Needs Improvement"
UK,2019,Phishing,Government,79.79,133632,"Hacker Group","Weak Passwords",Firewall,8,Fast,Critical,41.90,34.05,"Major Loss",Low,2018-2020,"Highly Effective"
Australia,2017,Phishing,Banking,90.50,42278,Insider,"Weak Passwords","AI-based Detection",45,Slow,Critical,54.38,45.37,"Extreme Loss",Low,2015-2017,"Moderately Effective"
Germany,2016,Phishing,IT,2.10,176471,Unknown,Zero-day,VPN,9,Fast,Low,3.38,3.35,"Minor Loss",Low,2015-2017,"Highly Effective"
India,2015,"SQL Injection",Telecommunications,63.72,916516,"Hacker Group","Social Engineering",Encryption,68,Slow,High,48.21,42.75,"Major Loss",Massive,2015-2017,"Needs Improvement"
Japan,2023,"SQL Injection",Government,87.80,510002,"Hacker Group","Social Engineering",Firewall,62,Slow,Critical,57.83,49.56,"Extreme Loss",High,2021-2024,"Needs Improvement"
UK,2015,Malware,IT,82.45,435994,Nation-state,"Unpatched Software",Encryption,51,Slow,Critical,52.73,44.92,"Extreme Loss",Medium,2015-2017,"Needs Improvement"
India,2016,Ransomware,IT,66.19,537670,"Hacker Group","Unpatched Software",Encryption,55,Slow,High,45.71,39.63,"Major Loss",High,2015-2017,"Needs Improvement"
Russia,2022,Malware,Banking,39.62,850339,"Hacker Group","Social Engineering",Firewall,50,Slow,Medium,32.36,29.25,"Moderate Loss",Massive,2021-2024,"Needs Improvement"
Japan,2021,DDoS,Government,35.46,937562,Unknown,Zero-day,Firewall,10,Fast,Medium,22.54,19.93,"Moderate Loss",Massive,2021-2024,"Highly Effective"
France,2020,Malware,Government,10.62,405267,Nation-state,"Unpatched Software","AI-based Detection",5,Fast,Low,7.53,6.87,"Minor Loss",Medium,2018-2020,"Highly Effective"
China,2022,DDoS,Government,80.76,346279,Unknown,Zero-day,Encryption,59,Slow,Critical,53.22,45.49,"Extreme Loss",Medium,2021-2024,"Needs Improvement"
Brazil,2016,DDoS,Telecommunications,10.45,889928,Nation-state,Zero-day,Encryption,63,Slow,Low,20.49,20.34,"Minor Loss",Massive,2015-2017,"Needs Improvement"
France,2018,"SQL Injection",Healthcare,0.95,376206,Unknown,"Unpatched Software",Antivirus,44,Slow,Low,10.40,10.68,"Minor Loss",Medium,2018-2020,"Moderately Effective"
India,2018,Ransomware,IT,27.14,227433,Unknown,"Unpatched Software",Antivirus,13,Moderate,Medium,16.85,14.37,"Moderate Loss",Medium,2018-2020,"Highly Effective"
Germany,2023,Ransomware,Healthcare,54.79,393779,Nation-state,"Weak Passwords",Encryption,39,Slow,High,36.38,31.29,"Major Loss",Medium,2021-2024,"Moderately Effective"
Russia,2022,Ransomware,IT,41.08,529025,Insider,"Unpatched Software","AI-based Detection",42,Slow,Medium,30.53,26.95,"Moderate Loss",High,2021-2024,"Moderately Effective"
Brazil,2024,Man-in-the-Middle,Education,8.94,451311,Unknown,"Weak Passwords",Encryption,14,Moderate,Low,8.62,8.18,"Minor Loss",Medium,2021-2024,"Highly Effective"
India,2017,Ransomware,Education,98.11,677198,Unknown,"Social Engineering",VPN,28,Moderate,Critical,56.69,47.55,"Extreme Loss",High,2015-2017,"Moderately Effective"
Russia,2024,Man-in-the-Middle,Healthcare,9.40,480988,Nation-state,"Unpatched Software",Encryption,59,Slow,Low,17.94,17.48,"Minor Loss",Medium,2021-2024,"Needs Improvement"
Australia,2015,Ransomware,Telecommunications,46.39,605536,Nation-state,"Unpatched Software",VPN,61,Slow,Medium,37.21,33.18,"Moderate Loss",High,2015-2017,"Needs Improvement"
Brazil,2018,Ransomware,Banking,30.61,910960,Nation-state,"Social Engineering",Antivirus,31,Moderate,Medium,24.24,22.09,"Moderate Loss",Massive,2018-2020,"Moderately Effective"
China,2018,Ransomware,Banking,43.98,386308,Nation-state,"Weak Passwords",Antivirus,3,Fast,Medium,23.75,19.74,"Moderate Loss",Medium,2018-2020,"Highly Effective"
Australia,2017,Man-in-the-Middle,Banking,54.38,100855,Unknown,"Social Engineering",VPN,2,Fast,High,27.89,22.56,"Major Loss",Low,2015-2017,"Highly Effective"
China,2023,Malware,Education,23.74,317922,Insider,"Social Engineering",Antivirus,18,Moderate,Low,16.42,14.37,"Minor Loss",Medium,2021-2024,"Highly Effective"
USA,2018,DDoS,IT,82.13,220618,Unknown,"Weak Passwords",Firewall,59,Slow,Critical,53.53,45.53,"Extreme Loss",Medium,2018-2020,"Needs Improvement"
India,2015,Ransomware,Telecommunications,24.70,825941,"Hacker Group","Unpatched Software",VPN,54,Slow,Low,25.63,23.98,"Minor Loss",Massive,2015-2017,"Needs Improvement"
China,2022,Malware,Education,60.90,331234,Unknown,"Social Engineering",Antivirus,3,Fast,High,32.04,26.28,"Major Loss",Medium,2021-2024,"Highly Effective"
China,2020,Man-in-the-Middle,Telecommunications,14.61,855055,"Hacker Group","Unpatched Software",Antivirus,59,Slow,Low,21.67,21.06,"Minor Loss",Massive,2018-2020,"Needs Improvement"
Japan,2022,DDoS,Telecommunications,34.31,305329,Unknown,"Unpatched Software",Firewall,40,Slow,Medium,26.07,22.95,"Moderate Loss",Medium,2021-2024,"Moderately Effective"
Japan,2020,Phishing,Government,32.39,442923,Nation-state,"Social Engineering",Encryption,57,Slow,Medium,28.92,26.13,"Moderate Loss",Medium,2018-2020,"Needs Improvement"
UK,2015,Ransomware,Banking,79.30,893277,Unknown,"Social Engineering",Firewall,15,Moderate,Critical,45.33,38.29,"Major Loss",Massive,2015-2017,"Highly Effective"
China,2020,Malware,Healthcare,30.86,240532,Insider,"Weak Passwords",Encryption,64,Slow,Medium,28.95,26.11,"Moderate Loss",Medium,2018-2020,"Needs Improvement"
USA,2016,DDoS,Healthcare,93.14,947960,Nation-state,"Weak Passwords",Firewall,55,Slow,Critical,60.41,52.05,"Extreme Loss",Massive,2015-2017,"Needs Improvement"
Brazil,2018,Malware,Healthcare,52.87,437283,Insider,Zero-day,Antivirus,30,Moderate,High,33.75,28.90,"Major Loss",Medium,2018-2020,"Moderately Effective"
China,2019,Malware,Healthcare,29.61,761390,Insider,"Weak Passwords",Antivirus,7,Fast,Medium,18.49,16.29,"Moderate Loss",High,2018-2020,"Highly Effective"
France,2019,Phishing,Retail,25.75,998507,Insider,"Weak Passwords","AI-based Detection",15,Moderate,Medium,18.87,17.29,"Moderate Loss",Massive,2018-2020,"Highly Effective"
India,2017,DDoS,Retail,82.17,593329,"Hacker Group","Unpatched Software","AI-based Detection",62,Slow,Critical,55.26,47.64,"Extreme Loss",High,2015-2017,"Needs Improvement"
UK,2019,Phishing,Banking,60.07,197590,Insider,Zero-day,Encryption,62,Slow,High,43.03,37.22,"Major Loss",Low,2018-2020,"Needs Improvement"
Japan,2017,Ransomware,Banking,50.75,53111,"Hacker Group","Social Engineering",Antivirus,15,Moderate,High,28.53,23.51,"Major Loss",Low,2015-2017,"Highly Effective"
Australia,2017,Phishing,Retail,14.88,69641,"Hacker Group","Unpatched Software",Firewall,54,Slow,Low,18.45,17.03,"Minor Loss",Low,2015-2017,"Needs Improvement"
Germany,2022,DDoS,IT,73.98,953770,Insider,"Weak Passwords",Firewall,54,Slow,High,50.65,44.21,"Major Loss",Massive,2021-2024,"Needs Improvement"
Japan,2023,"SQL Injection",Retail,42.33,643549,Nation-state,"Weak Passwords",VPN,20,Moderate,Medium,27.10,23.51,"Moderate Loss",High,2021-2024,"Highly Effective"
Brazil,2022,Man-in-the-Middle,Education,77.98,899279,Insider,Zero-day,Firewall,39,Slow,Critical,49.49,42.59,"Major Loss",Massive,2021-2024,"Moderately Effective"
India,2016,Ransomware,Education,8.55,857887,Unknown,"Social Engineering",Firewall,44,Slow,Low,15.65,15.65,"Minor Loss",Massive,2015-2017,"Moderately Effective"
Russia,2016,Phishing,Government,30.57,503775,Unknown,Zero-day,VPN,71,Slow,Medium,31.00,28.44,"Moderate Loss",High,2015-2017,"Needs Improvement"
Japan,2015,"SQL Injection",IT,36.98,452892,Unknown,"Weak Passwords",VPN,17,Moderate,Medium,23.25,20.00,"Moderate Loss",Medium,2015-2017,"Highly Effective"
Russia,2018,Ransomware,Healthcare,24.06,327566,Unknown,"Unpatched Software","AI-based Detection",6,Fast,Low,14.21,12.13,"Minor Loss",Medium,2018-2020,"Highly Effective"
Australia,2018,Ransomware,Education,50.66,851204,Insider,Zero-day,Firewall,3,Fast,High,28.48,24.27,"Major Loss",Massive,2018-2020,"Highly Effective"
UK,2017,Man-in-the-Middle,Government,79.27,923309,"Hacker Group","Unpatched Software",Firewall,29,Moderate,Critical,48.20,41.20,"Major Loss",Massive,2015-2017,"Moderately Effective"
Brazil,2023,Phishing,Banking,71.86,151590,Nation-state,Zero-day,Antivirus,30,Moderate,High,42.38,35.35,"Major Loss",Low,2021-2024,"Moderately Effective"
UK,2022,DDoS,Education,21.01,452432,Nation-state,"Unpatched Software",Firewall,8,Fast,Low,13.46,11.81,"Minor Loss",Medium,2021-2024,"Highly Effective"
Japan,2015,Ransomware,Retail,95.38,769596,Nation-state,"Weak Passwords",VPN,65,Slow,Critical,63.00,54.23,"Extreme Loss",High,2015-2017,"Needs Improvement"
Germany,2022,Phishing,Banking,14.79,407151,Unknown,"Weak Passwords",Antivirus,37,Slow,Low,16.02,14.94,"Minor Loss",Medium,2021-2024,"Moderately Effective"
Brazil,2023,DDoS,IT,45.97,312555,Nation-state,"Social Engineering","AI-based Detection",67,Slow,Medium,37.32,33.04,"Moderate Loss",Medium,2021-2024,"Needs Improvement"
Brazil,2019,Man-in-the-Middle,Government,76.39,311908,Unknown,"Weak Passwords",Encryption,68,Slow,Critical,52.73,45.40,"Major Loss",Medium,2018-2020,"Needs Improvement"
China,2018,Malware,Banking,68.55,59979,Insider,Zero-day,Firewall,41,Slow,High,42.65,35.86,"Major Loss",Low,2018-2020,"Moderately Effective"
Japan,2019,Malware,IT,9.86,233545,Unknown,Zero-day,Antivirus,55,Slow,Low,16.63,15.88,"Minor Loss",Medium,2018-2020,"Needs Improvement"
France,2020,Man-in-the-Middle,Retail,89.85,722081,"Hacker Group",Zero-day,VPN,33,Moderate,Critical,53.69,45.43,"Extreme Loss",High,2018-2020,"Moderately Effective"
Russia,2024,"SQL Injection",Healthcare,76.99,873037,Nation-state,"Unpatched Software",Antivirus,31,Moderate,Critical,47.31,40.49,"Major Loss",Massive,2021-2024,"Moderately Effective"
India,2022,Malware,IT,12.08,482213,Nation-state,"Social Engineering","AI-based Detection",3,Fast,Low,8.09,7.36,"Minor Loss",Medium,2021-2024,"Highly Effective"
India,2020,Phishing,Education,39.72,512850,"Hacker Group",Zero-day,Antivirus,15,Moderate,Medium,24.40,20.94,"Moderate Loss",High,2018-2020,"Highly Effective"
China,2023,Man-in-the-Middle,Telecommunications,37.73,849834,"Hacker Group",Zero-day,"AI-based Detection",56,Slow,Medium,32.61,29.69,"Moderate Loss",Massive,2021-2024,"Needs Improvement"
Brazil,2022,Malware,Retail,78.03,660707,Insider,"Unpatched Software",Firewall,11,Fast,Critical,43.20,36.05,"Major Loss",High,2021-2024,"Highly Effective"
USA,2021,Ransomware,Education,6.77,697935,Unknown,"Social Engineering","AI-based Detection",16,Moderate,Low,8.68,8.70,"Minor Loss",High,2021-2024,"Highly Effective"
Russia,2019,Malware,IT,71.92,500655,Nation-state,Zero-day,"AI-based Detection",8,Fast,High,39.06,32.37,"Major Loss",High,2018-2020,"Highly Effective"
USA,2020,Ransomware,IT,95.79,239343,Nation-state,Zero-day,VPN,63,Slow,Critical,61.21,51.87,"Extreme Loss",Medium,2018-2020,"Needs Improvement"
China,2023,Phishing,Retail,90.04,143728,Unknown,Zero-day,"AI-based Detection",57,Slow,Critical,56.85,47.99,"Extreme Loss",Low,2021-2024,"Needs Improvement"
USA,2020,Phishing,Retail,99.64,464717,Insider,"Weak Passwords",VPN,27,Moderate,Critical,56.61,47.11,"Extreme Loss",Medium,2018-2020,"Moderately Effective"
Russia,2018,"SQL Injection",Education,1.25,351063,Nation-state,"Weak Passwords",Firewall,56,Slow,Low,12.88,13.10,"Minor Loss",Medium,2018-2020,"Needs Improvement"
Australia,2015,DDoS,Government,13.96,479025,Nation-state,Zero-day,Antivirus,54,Slow,Low,19.22,18.30,"Minor Loss",Medium,2015-2017,"Needs Improvement"
Germany,2021,DDoS,Banking,1.62,823004,Nation-state,Zero-day,Encryption,22,Moderate,Low,7.68,8.34,"Minor Loss",Massive,2021-2024,"Highly Effective"
Russia,2021,DDoS,Education,18.47,394957,"Hacker Group","Weak Passwords",Antivirus,27,Moderate,Low,15.82,14.37,"Minor Loss",Medium,2021-2024,"Moderately Effective"
France,2019,Phishing,Telecommunications,28.88,96640,Unknown,"Social Engineering",Antivirus,60,Slow,Medium,26.73,23.94,"Moderate Loss",Low,2018-2020,"Needs Improvement"
Russia,2024,DDoS,Education,19.50,325634,Insider,"Weak Passwords",Firewall,5,Fast,Low,11.73,10.10,"Minor Loss",Medium,2021-2024,"Highly Effective"
France,2023,"SQL Injection",Government,29.63,662667,"Hacker Group",Zero-day,VPN,30,Moderate,Medium,22.80,20.50,"Moderate Loss",High,2021-2024,"Moderately Effective"
USA,2024,Phishing,IT,57.24,107681,Unknown,Zero-day,VPN,18,Moderate,High,32.54,26.93,"Major Loss",Low,2021-2024,"Highly Effective"
Russia,2017,Phishing,Banking,3.20,982243,Insider,Zero-day,Encryption,6,Fast,Low,5.75,6.41,"Minor Loss",Massive,2015-2017,"Highly Effective"
Japan,2022,"SQL Injection",Government,79.19,950425,Unknown,"Social Engineering",Antivirus,54,Slow,Critical,53.25,46.28,"Major Loss",Massive,2021-2024,"Needs Improvement"
Brazil,2017,Ransomware,Education,80.50,279808,Insider,"Social Engineering",Antivirus,60,Slow,Critical,53.09,45.32,"Extreme Loss",Medium,2015-2017,"Needs Improvement"
India,2024,"SQL Injection",Telecommunications,71.20,190099,Unknown,Zero-day,"AI-based Detection",15,Moderate,High,39.17,32.24,"Major Loss",Low,2021-2024,"Highly Effective"
Brazil,2019,Malware,Government,12.04,713035,Nation-state,"Social Engineering","AI-based Detection",59,Slow,Low,19.96,19.47,"Minor Loss",High,2018-2020,"Needs Improvement"
Australia,2016,Malware,Retail,29.05,817347,Nation-state,"Weak Passwords",Antivirus,68,Slow,Medium,30.58,28.49,"Moderate Loss",Massive,2015-2017,"Needs Improvement"
Germany,2023,Ransomware,Healthcare,28.18,707214,Unknown,"Weak Passwords","AI-based Detection",11,Fast,Medium,18.41,16.30,"Moderate Loss",High,2021-2024,"Highly Effective"
UK,2016,DDoS,Retail,39.26,668780,"Hacker Group",Zero-day,Firewall,33,Moderate,Medium,28.24,24.98,"Moderate Loss",High,2015-2017,"Moderately Effective"
Russia,2015,DDoS,Telecommunications,57.21,609196,Unknown,"Social Engineering",VPN,4,Fast,High,31.23,26.12,"Major Loss",High,2015-2017,"Highly Effective"
USA,2021,Man-in-the-Middle,Telecommunications,83.88,980367,Nation-state,"Unpatched Software",Firewall,3,Fast,Critical,45.48,38.07,"Extreme Loss",Massive,2021-2024,"Highly Effective"
Russia,2022,Man-in-the-Middle,IT,84.10,919858,Nation-state,"Unpatched Software",Encryption,47,Slow,Critical,54.21,46.72,"Extreme Loss",Massive,2021-2024,"Moderately Effective"
France,2017,DDoS,Healthcare,39.49,195459,"Hacker Group","Weak Passwords",Encryption,14,Moderate,Medium,23.13,19.38,"Moderate Loss",Low,2015-2017,"Highly Effective"
Russia,2015,Man-in-the-Middle,Government,46.76,713342,Unknown,"Weak Passwords",Encryption,36,Moderate,Medium,32.72,28.76,"Moderate Loss",High,2015-2017,"Moderately Effective"
UK,2019,DDoS,Banking,80.68,19007,Nation-state,"Unpatched Software",VPN,29,Moderate,Critical,46.20,38.15,"Extreme Loss",Low,2018-2020,"Moderately Effective"
China,2022,Ransomware,Government,86.56,963091,Insider,Zero-day,VPN,37,Slow,Critical,53.57,45.88,"Extreme Loss",Massive,2021-2024,"Moderately Effective"
UK,2017,Malware,Government,66.25,726887,"Hacker Group","Social Engineering",Firewall,13,Moderate,High,37.91,32.01,"Major Loss",High,2015-2017,"Highly Effective"
Russia,2021,DDoS,IT,78.76,130413,Unknown,"Social Engineering",Encryption,66,Slow,Critical,52.97,45.23,"Major Loss",Low,2021-2024,"Needs Improvement"
Germany,2017,Malware,Banking,97.68,906914,"Hacker Group",Zero-day,"AI-based Detection",15,Moderate,Critical,54.56,45.70,"Extreme Loss",Massive,2015-2017,"Highly Effective"
China,2020,Ransomware,IT,14.94,557218,Nation-state,Zero-day,Firewall,70,Slow,Low,23.14,22.20,"Minor Loss",High,2018-2020,"Needs Improvement"
Russia,2018,"SQL Injection",Banking,59.29,380543,Unknown,"Weak Passwords",VPN,26,Moderate,High,35.99,30.44,"Major Loss",Medium,2018-2020,"Moderately Effective"
UK,2022,Malware,Retail,39.55,337363,Insider,"Social Engineering",VPN,2,Fast,Medium,21.19,17.57,"Moderate Loss",Medium,2021-2024,"Highly Effective"
China,2018,DDoS,IT,14.04,803086,Nation-state,"Social Engineering",VPN,23,Moderate,Low,14.03,13.43,"Minor Loss",Massive,2018-2020,"Highly Effective"
China,2024,Man-in-the-Middle,IT,63.79,195858,"Hacker Group",Zero-day,Encryption,1,Fast,High,32.68,26.50,"Major Loss",Low,2021-2024,"Highly Effective"
India,2019,Malware,Banking,37.03,358371,Insider,"Weak Passwords","AI-based Detection",30,Moderate,Medium,25.59,22.25,"Moderate Loss",Medium,2018-2020,"Moderately Effective"
Australia,2019,Phishing,Retail,9.12,212267,Insider,Zero-day,Antivirus,14,Moderate,Low,8.00,7.30,"Minor Loss",Medium,2018-2020,"Highly Effective"
France,2021,Man-in-the-Middle,Healthcare,52.04,757744,Nation-state,Zero-day,Antivirus,43,Slow,High,36.89,32.45,"Major Loss",High,2021-2024,"Moderately Effective"
Japan,2017,Ransomware,Retail,59.13,747705,Insider,"Unpatched Software",VPN,47,Slow,High,41.21,36.04,"Major Loss",High,2015-2017,"Moderately Effective"
USA,2024,Phishing,Telecommunications,64.67,996651,"Hacker Group","Weak Passwords",Encryption,69,Slow,High,49.12,43.65,"Major Loss",Massive,2021-2024,"Needs Improvement"
UK,2015,Ransomware,Government,52.78,281905,Insider,"Social Engineering",VPN,32,Moderate,High,33.64,28.64,"Major Loss",Medium,2015-2017,"Moderately Effective"
Brazil,2019,Man-in-the-Middle,Healthcare,7.44,739981,Unknown,"Social Engineering",Antivirus,54,Slow,Low,16.74,16.74,"Minor Loss",High,2018-2020,"Needs Improvement"
France,2016,"SQL Injection",Telecommunications,47.19,554448,"Hacker Group","Social Engineering",Antivirus,31,Moderate,Medium,31.46,27.29,"Moderate Loss",High,2015-2017,"Moderately Effective"
